CREATE DATABASE IF NOT EXISTS webad;

USE webad1;

CREATE TABLE
  Users (
    userId INT (5) AUTO_INCREMENT PRIMARY KEY,
    username VARCHAR(30) NOT NULL,
    email VARCHAR(50) NOT NULL UNIQUE,
    password VARCHAR(100) NOT NULL,
    role VARCHAR(30) NOT NULL DEFAULT 'user',
    createdOn TIMESTAMP DEFAULT CURRENT_TIMESTAMP,
    profilePhoto TEXT
  );

  CREATE TABLE Restaurants(
    restaurantId INT(5) AUTO_INCREMENT PRIMARY KEY,
    name VARCHAR(255) NOT NULL,
    description TEXT,
    website VARCHAR(255),
    contact VARCHAR(20),
    add1 VARCHAR(100),
    add2 VARCHAR(100),
    add3 VARCHAR(100),
    city VARCHAR(100),
    country VARCHAR(100) DEFAULT 'Singapore',
    postalCode VARCHAR(20),
    area VARCHAR(50),
    openHrs VARCHAR(255),
    type VARCHAR(255),
    cuisine VARCHAR(255),
    status VARCHAR(10) NOT NULL DEFAULT 'draft'
);

CREATE TABLE Reviews(
    reviewId INT(5) AUTO_INCREMENT PRIMARY KEY,
    restaurantId INT(5) NOT NULL,
    userId INT(5) NOT NULL,
    title VARCHAR(255),
    content TEXT NOT NULL,
    rating DECIMAL(2, 1) NOT NULL,
    status VARCHAR(10) DEFAULT 'draft',
    createdOn TIMESTAMP DEFAULT CURRENT_TIMESTAMP,
    CONSTRAINT FK_restaurant_review FOREIGN KEY(restaurantId) REFERENCES Restaurants(restaurantId),
    CONSTRAINT FK_user_review FOREIGN KEY(userId) REFERENCES Users(userId)
);

CREATE TABLE Photos (
photoId INT(5) AUTO_INCREMENT PRIMARY KEY,
restaurantId INT(5) NOT NULL,
reviewId INT(5),
photoUrl TEXT NOT NULL,
defaultPhoto BOOLEAN DEFAULT false,
createdOn TIMESTAMP DEFAULT CURRENT_TIMESTAMP,
addedBy INT(5),
CONSTRAINT FK_restaurant_photo FOREIGN KEY (restaurantId)
    REFERENCES Restaurants(restaurantId),
	CONSTRAINT FK_review_photo FOREIGN KEY (reviewId)
    REFERENCES Reviews(reviewId),
CONSTRAINT FK_user_photo FOREIGN KEY (addedBy)
   REFERENCES Users(userId)
);

CREATE TABLE SavedRestaurants (
    userId INT(5) NOT NULL,
    restaurantId INT(5) NOT NULL,
    addedOn TIMESTAMP DEFAULT CURRENT_TIMESTAMP,
    CONSTRAINT FK_fav_restaurant_user FOREIGN KEY(userId) REFERENCES Users(userId),
    CONSTRAINT FK_fav_restaurant FOREIGN KEY(restaurantId) REFERENCES Restaurants(restaurantId)
);

-- insert users

INSERT INTO `Users` (`userId`, `username`, `email`, `password`, `role`, `createdOn`, `profilePhoto`) VALUES
(1, 'Michael J Mark', 'aletha_hauc4@gmail.com', 'Hu8aph1ohth', 'user', '2023-06-03 07:10:03', 'https://www.fakepersongenerator.com/Face/male/male1085111482391.jpg'),
(2, 'yippee', 'yippee@gmail.com', 'yippee', 'admin', '2023-06-03 07:10:42', NULL),
(3, 'Kim P Go', 'kimpgo@hotmail.com', 'choXee0j', 'user', '2023-06-03 07:57:43', 'https://www.fakepersongenerator.com/Face/female/female1023119652038.jpg'),
(4, 'Jennifer Morrison', 'jennifer@hotmail.com', 'ohNied3oh', 'user', '2023-06-03 08:00:41', 'https://www.fakepersongenerator.com/Face/female/female20161025772624237.jpg'),
(5, 'Kevin MK', 'kevinmk@gmail.com', 'kevinmk2023', 'user', '2023-06-03 08:01:32', 'https://www.fakepersongenerator.com/Face/male/male20161086308937805.jpg'),
(6, 'Esther Song', 'esthersong@hotmail.com', 'esthersong', 'user', '2023-06-03 08:03:23', 'https://www.fakepersongenerator.com/Face/female/female20171026305848907.jpg'),
(7, 'Yann Min', 'yann@gmail.com', 'yanmm8899', 'user', '2023-06-03 08:05:38', 'https://www.fakepersongenerator.com/Face/female/female2015102398053925.jpg'),
(8, 'Richard T Lopez', 'lesly1995@gmail.com', 'Theesahnai3', 'user', '2023-06-03 08:06:46', 'https://www.fakepersongenerator.com/Face/male/male1085575991668.jpg'),
(9, 'Evelyn S Boyer', 'evelyn@gmail.com', 'eboyer963', 'user', '2023-06-06 05:56:11', 'https://www.fakepersongenerator.com/Face/female/female1022182243134.jpg'),
(10, 'Edward M Steiner', 'edwardms@gmail.com', 'sagittarius', 'user', '2023-06-06 05:58:09', 'https://www.fakepersongenerator.com/Face/male/male1084640714966.jpg'),
(11, 'Pamela Hsu', 'pamelahsu@gmail.com', 'ughoa7eToh', 'user', '2023-06-06 05:59:57', 'https://www.fakepersongenerator.com/Face/female/female1022493333191.jpg'),
(12, 'HildaMel', 'hildamel@gmail.com', 'HildaMel', 'user', '2023-06-06 06:00:46', 'https://www.fakepersongenerator.com/Face/female/female20171026348986938.jpg'),
(13, 'Anthony Lew', 'lew1995@gmail.com', 'antlew95', 'user', '2023-06-06 06:01:36', 'https://www.fakepersongenerator.com/Face/male/male1084392907104.jpg'),
(14, 'Taylor16', 'taylor16@gmail.com', 'taylor', 'user', '2023-06-10 00:32:31', 'https://www.fakepersongenerator.com/Face/female/female20161024961597168.jpg'),
(15, 'June Nena', 'junenena@gmail.com', 'junenena', 'user', '2023-06-10 00:35:56', 'https://www.fakepersongenerator.com/Face/female/female1022771749084.jpg'),
(16, 'StefanieMa', 'stefanie.ma@gmail.com', 'StefanieMa', 'user', '2023-06-10 01:19:59', 'https://www.fakepersongenerator.com/Face/female/female1021885691589.jpg'),
(17, 'Nic2023', 'nicholas@hotmail.com', 'nicholas', 'user', '2023-06-10 04:45:12', 'https://www.fakepersongenerator.com/Face/male/male1085467730316.jpg'),
(18, 'Cheri Sun', 'cherisun@gmail.com', 'cheri', 'user', '2023-06-10 04:49:28', 'https://www.fakepersongenerator.com/Face/female/female20151024220257538.jpg'),
(19, 'Joe Steven', 'steven@gmail.com', 'steven', 'user', '2023-06-10 04:54:19', 'https://www.fakepersongenerator.com/Face/female/female1022791819275.jpg'),
(20, 'Carmen', 'carmen@gmail.com', 'carmen2023', 'user', '2023-06-23 16:50:51', NULL),
(21, 'Naruto Uzumaki', 'narutouzumaki@gmail.com', 'naruto2023', 'user', '2023-06-23 17:48:04', NULL),
(22, 'Christina', 'christina@gmail.com', 'Christina2023', 'user', '2023-06-23 18:07:23', NULL),
(23, 'erling', 'erling1970@yahoo.com', 'erling1970', 'user', '2023-06-23 18:30:29', NULL),
(24, 'SuperMan', 'super@ga.sg', 'super', 'user', '2023-06-27 11:56:58', NULL),
(25, 'yippee123', 'yippee123@gmail.com', 'yippee', 'user', '2023-06-27 14:00:31', NULL);


-- insert restaurants


INSERT INTO `Restaurants` (`restaurantId`, `name`, `description`, `website`, `contact`, `add1`, `add2`, `add3`, `city`, `country`, `postalCode`, `area`, `openHrs`, `type`, `cuisine`, `status`) VALUES
(1, 'Cut by Wolfgang Puck', 'CUT by Wolfgang Puck’s first Asian outpost can be found at Marina Bay Sands Singapore. The critically acclaimed steak restaurant features a comfortably modern dining room designed by esteemed hospitality designer Tony Chi. The menu presents a contemporary twist on the classic steak restaurant, featuring the world’s finest meats, poultry, and seafood, all complemented by house-made sauces and delectable sides. An extensive international wine list offers more than 500 outstanding selections. CUT is proud to have received a One Star rating in Singapore’s first edition of the Michelin Guide, in 2016.', 'https://wolfgangpuck.com/dining/cut-singapore/', '+65 6688 8517', '2 Bayfront Ave', '#B1 - 71', 'Singapore 018972', NULL, 'Singapore', '018972', 'Marina Bay', 'Daily 09:00 AM - 10:00 PM', 'Bar/ Bistro, Cafés, Casual', 'Asian', 'active'),
(2, 'DB Bistro & Oyster Bar', 'DB Bistro & Oyster Bar offers an exciting mix of traditional French bistro cooking with contemporary American flavors, and a world-renown collection of signature burgers. Chef Daniel Boulud reinterprets the classic Parisian bistro while sharing the energy and style of his acclaimed db Bistro Moderne in Midtown Manhattan. In addition to the slew of Parisan bistro favourites and New York-style burgers that have found pride of place on the menu, the revamped menu brings with it plenty from the sea. Expect to find freshly shucked French and American oysters alongside Maine', 'https://www.dbbistro.com/singapore/', '+65 9456 8097', '2 Bayfront Avenue', 'B1-48, Galleria Level The Shoppes at Marina Bay Sands', 'Singapore 018958', NULL, 'Singapore', '018958', 'Marina Bay', 'Daily 12:00 PM - 4:00 PM, 5:30 PM - 9:30 PM', 'Bar/ Bistro, Fine Dining', 'Western', 'active'),
(3, 'Shin Minori Japanese Restaurant (UE Square)', 'Shin Minori is all about value in Japanese dining. Offering all sorts of cravings from sushi to tempura, this is your one stop shop for Japanese feasting without the splurge. Best known for its a la carte buffet option, Shin Minori is the UE Square eatery that\'s ideal for group gatherings or family dinners, where a variety of palates need to be pleased. Meaning \'new harvest\' in Japanese, the restaurant features a motif of golden grains blended with traditional Japanese design for a casual yet distinguished atmosphere. The menu indeed showcases the new and noteworthy, with novel selections crafted by the kitchen team to enhance the buffet experience with original tastes.', 'https://www.shinminori.com.sg/', '+65 6733 2272', '81 Clemenceau Avenue', 'UE Square 03-15/16 UE Sq', 'Singapore 239917', NULL, 'Singapore', '239917', 'Central Area/City Area', 'Daily 12:00 PM - 2:30 PM, 6:15 PM - 10:15 PM', 'Restaurant', 'Asian, Japanese', 'active'),
(4, 'Haidilao Hot Pot', 'Worldwide popular Sichuan style Hot Pot, gathering various regional influences and tastes along the way. Watch the chefs knead their homemade noodles right at your booths and taste the freshness of the succulent noodles that\'s perfect with the hearty spice-infused broth. Enjoy complimentary drinks and snacks while waiting for a table.', 'http://www.haidilao.com/sg/', '+65 6835 7337', '313 Orchard Road', '313 @ Somerset Somerset #04-23/24', 'Singapore 238895', NULL, 'Singapore', '238895', 'Somerset', 'Daily 10:30 AM - 06:00 AM', 'Restaurant', 'Asian, Chinese', 'active'),
(5, '4 Fingers Crispy Chicken', 'Crispy and saucy 4Fingers fried chicken. Hand brushed to perfection with our unique Soy Garlic or Spicy Hot sauce that leave you wanting for more.', 'https://www.4fingers.com.sg/', '+65 6835 7337', '2 Orchard Turn', '#B4-06A', 'Singapore 238801', NULL, 'Singapore', '238801', 'Orchard', 'Daily 08:00 AM - 10:00 PM', 'Casual, Fast Food', 'Asian, Halal, Korean', 'active'),
(6, 'Yum Cha Restaurant', 'Yum Cha Restaurant first opened its doors in the heart of Chinatown. Yum Cha first started out in 2000 near Temple Street, Chinatown, with the aim of bringing back the dim sum tea house concept in a shophouse setting, with marble tables and wooden chairs for a nostalgic feel. Away from the hustle and bustle of city life, Yum Cha Restaurants offer a unique dim sum dining experience – be it for lunch or dinner.', 'https://www.yumcha.com.sg/', '+65 6372 1717', '20 Trengganu Street', '#02-01', 'Singapore 058479', NULL, 'Singapore', '058479', 'Outram', 'Daily 09:00 AM - 10:30 PM', 'Casual, Restaurant', 'Asian, Chinese', 'active'),
(7, 'NOX - Dine In The Dark', 'At NOX – Dine In The Dark, we invite you to plunge into an intriguing new world of mystery and sensation you have never experienced before, and join us on a culinary journey through taste, smell, touch and sound, in total darkness. Seated in our pitch-black dining room, you will be guided and served by blind or visually impaired individuals that have been specially trained to offer guidance and reassurance to sighted guests. It is truly a rich human experience when the roles are reversed and the blind become your eyes, opening your mind to a deeper consciousness. Also, discover our exquisite menu crafted from the finest ingredients by our Chef de Cuisine and his team, and enjoy our fine wine selection and unique signature cocktails customised for each individual\'s palate. NOX - Dine in the Dark is definitely more than just dining, it is a unique mind-altering sensory experience! Experience this new European dining trend first-hand and \'see\' it for yourself!', 'http://www.noxdineinthedark.com/', '+65 6298 0708', '83 Club Street', 'Singapore 069451', NULL, NULL, 'Singapore', '069451', 'Central Area/City Area', 'Daily 6:00 PM - 12:00 AM', 'Fine Dining, Restaurant', 'Western', 'active'),
(8, 'Positano Risto', 'Singapore\'s only halal Italian restaurant in the Arab Street area. Amazing Italian, Without Alcohol! Relaxed indoor-outdoor restaurant with alcohol-free drinks & hearty plates of halal Italian cuisine.', 'https://positanoristo.com/', '+65 6292 1866', '66 Bussorah Street', 'Singapore 199479', NULL, NULL, 'Singapore', '199479', 'Rochor', 'Daily 11:30 AM - 9:30 PM', 'Casual', 'Halal, Italian', 'active'),
(9, 'My Awesome Cafe', 'Singapore\'s 1st TCM Hospital transformed into #1 Cafe. Open 365 days a year, with a menu offered all day long from opening to closing, we are a very cool Family (our team is our family indeed) and cosy cafe / bistro / bar that serves breakfast, lunch, snacks, dinner and late dinner. We took over the very first Traditional Chinese Medicine Hospital dated 1952 and converted it into a chill-out place that bakes its own bread, becomes a bistro at lunchtime and transforms into a bar / bistro in the evening. We offer salads, sandwiches, burgers, wraps, hot main courses, desserts, protein shakes for the sporty guys, an acai menu for those in need of the purest available, platters to share.', 'http://www.myawesomecafe.com/', '+65 8798 1783', '202 Telok Ayer Street', 'Singapore 068639', NULL, NULL, 'Singapore', '068639', 'Central Area/City Area', 'Daily 09:00 AM - 10:00 PM', 'Bar/ Bistro, Cafés, Casual', 'Asian', 'active'),
(11, 'Tolido\'s Espresso Nook', 'We are a Melbourne-inspired cafe with a simple promise to serve you great quality coffee with fresh food ranging from all-day breakfast to pastas and dessert. \\nWe believe that we should make everything with love & passion! \\nEverything is individually prepared, nothing instant. \\nNo frills, no pretence, only TLC since 2013', 'https://tolidosespressonook.oddle.me/en_SG/', '+65 6293 0382', '462 Crawford Lane', '#01-63', 'Singapore 190462', NULL, 'Singapore', '190462', 'Crawford', 'Daily 08:00 AM - 5:00 PM', 'Cafés, Casual', 'Italian', 'active'),
(13, 'Akira Back', 'Savor modern Japanese cuisine from world-renowned chef Akira Back, featuring reinvented flavors, Korean accents and global influences.\\n\\nChef Akira Back thrill diners at his award-winning restaurant with a new wave of Japanese cuisine, combining the best of classic Japanese dishes with ingredients and flavors inspired by both Akira Back\'s South Korean heritage, his experiences and upbringing in the US. Expect quality ingredients, cross-cultural culinary techniques and an explosion of flavors at Akira Back.', 'https://www.akiraback.sg/', '+65 6818 1914', '30 Beach Road', 'JW Marriott Hotel Singapore South Beach', 'Singapore 189763', NULL, 'Singapore', '189763', 'Central Area/City Area', 'Daily 12:00 PM - 2:30 PM, 6:00 PM - 10:00 PM', 'Restaurant', 'Japanese', 'active'),
(14, 'Man Fu Yuan', 'Man Fu Yuan at InterContinental Singapore is an Award-winning and Micheline recommended Chinese fine-dining restaurant, serving authentic Cantonese dishes such as roasts, smoked duck, peking duck and Lobster dan dan noodles.', 'http://singapore.intercontinental.com/dine-drink/man-fu-yuan', '+65 6825 1008', '80 Middle Road Level 2', 'InterContinental Singapore', NULL, NULL, 'Singapore', '188966', 'Central Area/City Area', 'Daily 09:00 AM - 10:00 PM', 'Restaurant', 'Chinese, Asian', 'active'),
(15, 'Bar-Roque Grill', 'The Alsace-born chef takes diners on a culinary journey to his homeland with authentic regional specialties such as choucroute garnie and tarte flambée aux escargots. International dishes are also popular, like Malaysian rotisserie free-range chicken and a selection of beefsteaks dry aged in-house and chargrilled to perfection. Service is attentive and helpful. Start or end the night with a drink on the terrace or at the bar.', 'http://www.stefanandnico.com/', '+65 6444 9672', '165 Tanjong Pagar Road', '#01-00 Amara Singapore', NULL, NULL, 'Singapore', '088539', 'Central Area/City Area', 'Daily  5:30 PM - 10:30 PM', 'Steakhouse, Bar/ Bistro', 'French, Vegetarian Friendly', 'active');

-- insert reviews

INSERT INTO `Reviews` (`reviewId`, `restaurantId`, `userId`, `title`, `content`, `rating`, `status`, `createdOn`) VALUES
(1, 1, 4, 'Superb Experience!', 'Food was fantastic, it’s really worth the price that we have paid for. Only those who know how to appreciate these fine food should come and have a taste. You will never regret it.', 5.0, 'active', '2023-06-25 17:37:13'),
(2, 1, 3, 'VERY good. Excellent service, decent steaks.', 'Came here to celebrate a friend\'s birthday and was thrilled with the level of service provided. The food was great! The steak, creamed spinach and crab cake were all really good. I also really enjoyed the variety of bread provided and the complimentary cheese puffs was warm and soft. Just perfect! I especially loved the Duke of Earl.', 5.0, 'active', '2023-06-25 17:42:01'),
(3, 1, 1, 'Overall, a memorable experience but pricey.', 'This was definitely an awesome & unforgettable dining experience. Service staff was friendly, attentive & not pushy. It was a birthday celebration & we were sharing the food. Everything was spot on right down to the warm/hot sharing plates, crumb down by the service staff. We ordered the 21,days aged dry Sirloin & Ribeye, which were good enough for us. Add on half lobster was fresh & delicious. Cream spinach with egg (recommended by the service staff) was so yummy, we ate everything. ', 4.5, 'active', '2023-06-25 18:07:06'),
(4, 2, 1, 'Best French Cuisine & Services In Singapore', 'The best French restaurant in Singapore by far! Their service is beyond my expectations. My favourite place now and definitely highly recommended!', 5.0, 'active', '2023-07-01 15:38:57'),
(5, 3, 1, 'Great place for gathering', 'Nice food and good service. Very good place for gathering with friends and family. Sashimi fresh and worth ordering', 3.5, 'active', '2023-07-02 13:24:12'),
(6, 3, 3, 'Good selection of food', 'Accommodating to families with babies. Very good service. Nice buffet. Love it. Recently they modified their buffet menu and it’s even nicer now. I often visit with birthday voucher too.', 3.5, 'active', '2023-07-02 13:28:44'),
(7, 4, 3, 'Best place to satisfy your hotpot cravings', 'Very good and exciting broth. We ordered the pork, mala, tom yum and tomato broths. I love the mala and my son loved the pork broth. My sister loved the tom yum… tomato broth was not bad too.', 5.0, 'active', '2023-07-02 13:49:18'),
(8, 5, 4, 'Tasty crispy chicken', 'The service is quick and the taste is very good. But the chicken was only warm and was not hot as expected.', 2.5, 'active', '2023-07-02 13:57:39'),
(9, 5, 1, 'Crispy, Excellent and Mouth watering chicken', 'Everyone might think i am exaggerating but this is a fact: Best crispy chicken in Singapore! (Sauce based) . Wonderful atmosphere, perfect for all age group, and most importantly Excellent food! This is my go to place to eat whenever i am spoil for choice!!! ', 4.0, 'active', '2023-07-02 14:02:26'),
(10, 4, 1, 'Unique Dining Experience', 'It was also my friends\' daughter\'s birthday and what a nice gesture of the staff presenting her with a platter of cake & fruits and started singing Happy Birthday. Restaurant with a difference and the food was pretty good too.!', 4.0, 'active', '2023-07-02 14:11:08'),
(11, 13, 1, 'Fantastic quick bites', 'Omg. It’s fantastic. Food is great. Atmosphere is good. Nice staff around to guide if you are new to the place. Anyway im new. Will visit again if i have time.', 5.0, 'active', '2023-07-02 14:18:51'),
(12, 13, 4, 'Great ambience and food. ', 'Great ambience and food. Good for all occasions. Tuma pizza is recommended. Will visit again with my family.', 4.0, 'active', '2023-07-02 14:20:30'),
(13, 2, 4, 'Excellent food', 'People who has passion to cook will certainly make your day. Great job and thank you Shigeru san. I was feeling home.\nExcellent food. Sometimes too much food. In this place I had feeling that my friend cocking at home and I am tasting with him.', 5.0, 'active', '2023-07-02 14:28:25'),
(14, 11, 4, 'Love this Nook. Must try!', 'Accidentally came across this nook when our usual breakfast place was closed during the lockdown. Hooked on their stout toast and rosti! Their ultimate breakfast is great and awesome coffee too. Service has been great! Had to queue most of the times we were there except those times that we were there before opening time. ', 5.0, 'active', '2023-07-02 14:32:13'),
(15, 11, 1, 'Best coffee ever', 'Went for brunch for few time. Love the brunch menu, variety coffee and dishes (sweet and savoury), the taste was NICE. Tried few coffee, recommended sea-salt latte. Always full of people queuing, but the food are worth to wait!', 5.0, 'active', '2023-07-02 14:36:15'),
(16, 14, 1, 'Delicious Food and Five Star Service', 'This restaurant is a gem! The food was so good and the service was truly excellent! The wok-fried beef cube with Sichuan double pepper sauce was so sumptuous ... Thank you Chef Shawn, Rene, Joanne, Chin Chin & Siew Leong for making my birthday dinner such a special and memorable one! Will definitely recommend Man Fu Yuan to my friends and relatives !', 5.0, 'active', '2023-07-02 14:38:46'),
(17, 9, 4, 'Vibes and friendliness amazing.', 'Love their story. Laugh, Dream, Clap, Share, Forgive, Celebrate & Love. Food was the best, especially as we were craving vegetables and wholesome food. Loved the Protein Shakes and the Prosecco Spritz\'s. Franck and his team were Awesome- attentive and helpful and happy to take photos too !!', 4.0, 'active', '2023-07-02 17:26:01');

-- Fav restaurants

INSERT INTO `SavedRestaurants` (`userId`, `restaurantId`, `addedOn`) VALUES
(1, 3, '2023-07-01 19:32:39'),
(1, 1, '2023-07-01 19:32:45'),
(1, 2, '2023-07-01 19:32:53'),
(4, 2, '2023-07-02 17:40:25'),
(4, 13, '2023-07-02 17:40:34'),
(6, 2, '2023-07-04 11:10:42'),
(4, 1, '2023-07-11 17:05:48');

-- insert photos

INSERT INTO `Photos` (`photoId`, `restaurantId`, `reviewId`, `photoUrl`, `defaultPhoto`, `createdOn`, `addedBy`) VALUES
(1, 2, NULL, 'https://pbs.twimg.com/profile_images/966772532027297795/y3YzdTf9_400x400.jpg', 1, '2023-06-24 08:56:09', NULL),
(2, 3, NULL, 'https://s3-ap-southeast-1.amazonaws.com/v3-live.image.oddle.me/logo/menu_logo_ShinMinoriJapaneseRestaurantae3cc9.jpg', 1, '2023-06-24 09:04:57', NULL),
(3, 4, NULL, 'https://www.sunwaypyramid.com/static/shops/48b1fd331b010c44f54c41f66e814301/w768.png', 1, '2023-06-24 09:10:06', NULL),
(4, 5, NULL, 'https://onewestside.com/wp-content/uploads/2019/09/4Fingers_logo.png', 1, '2023-06-24 11:05:17', NULL),
(5, 5, NULL, 'https://images.deliveryhero.io/image/fd-sg/LH/ij4n-hero.jpg', 0, '2023-06-24 11:05:17', NULL),
(6, 5, NULL, 'https://ifranchisesingapore.com/wp-content/uploads/2019/11/74601336_2812062752160544_1494707743527796736_n.jpg', 0, '2023-06-24 11:05:17', NULL),
(7, 6, NULL, 'data:image/png;base64,iVBORw0KGgoAAAANSUhEUgAAAUcAAACaCAMAAAANQHocAAAA4VBMVEX///8AAAAkHiD8/PzDITkiHyD4+PgGAADs7Ozw8PDS0tLDHjeqqqr//v/8//8JAAAdFhgYERPb29vIyMjDw8NoaGgdGxyZmJjm5uYUEhOjo6O8vLxzcnKAf39YVlewsLDBCiw6NjdeXl4tKyzEMEbAACHLSFpEQkNJSUl9fH0YFRYSBgvhqrDTfIfpzNHKVGPENkjMXmuVkpPrxcfDABzpvMHTbX3ZipPBACffm6P88vTx1tbkv8Xira7aZW66AA/EAADUd3/hoKzYhpHhtrfHWmTccHny4+jOZHXy1t42MDLd+0gZAAAHwElEQVR4nO2cCXeaShTHuQiiYmRREVzHfUHTaha19r02bVrTfP8P9AYEBExf8/oEc6b319MTgujVv3fmLjOE4xAEQRAEQRAEQRAEQRAEQRAEQRAEQRAEQRAEQRAEQRAEQRAEeTNkLv0GmCDXKyRr4KpE/ydr4g1QgEnSJrLZpC2kxk8/SQEgl6Ddq1JpPhgO5cU1x5UStJMW5erL56mMjUQNZ95tZEEQyOb9nAWvNKH9UjShMraSNbwksuAIKcsbMmfAI1fQPR2/BbDayZq9uXU1dJQU5E93yRpLhR5Y8bhcALWfaM5zVbonwu3jtUDWNxsq5ChJY2nRlqATOVEAQzETNVni3svD7cPgRlish3SAbz4kai4l2tHJkMqYcIyhWaM82n3866+/P3183M6ppkzoyFUBxoEDNsDQmgkbLF3Jy8XNdns3+jgYZEes6Mh1wILa4XAFomElnomUBmSwf1jv5qP5dkkYGdcUs28rRt3MNZ4Vno9Nl4kwkoXd8uHm8/LuM43ZMgsppEumB4YNIKk8r45TsPdOlndft6NP8+v1rSwPUrCYFkUweBfQkzdWepKFu4f1YDv/dPM4JEzkPT6mpToy2kkHGYfSw2adffxyfb2Rh/v8/VMKJtOjACLPpxBknLznK3knECIQp6hZvF8nbzJNqrN0ggxlS2hNSJyikApJtqnYTI2azWu9dExtCVXwgUp5T38ypmPOccd8OraoPw4GuQEZ7RcDxvwx+6zyUEzJ2JaQ+eOHxbfv++2TTFiaHzNdLZ3U0WVNZHL7bbv/uhzScf01LbPJk6Uyiq9OHV8ORp3eK2N9qfRA5Nvlj8XnxY9vQ0KWrzT79sl2LTo5vjZ17FkvnW2C9MoXKHFL8rTfvZOvB6P9fv2emTzc9UbrtQuEtZfWwLITsER4rUMuyeNCvnn8MF/fzh8FVnTMON5oTf6lBx6OPzqIUD65YiwZU+tfG5edWnBY+k4IGd5vdpvv8mbDTJyZaDyvnXpjrusftcMO2FV5ux6/tipBIQ92LX6e4yp+KiXB8VGa95C73eed/MAJwnD/P977G6JqvygjNwWvu6uDdlyfbQG9Or6a2AGnEHq2pycvoge+29SO2enuVpCX8uaHQEYyuWdiCZtbUWFm3WBQH1e9Jn6RqAMPvgeW6dX8LFb2UE90hG4q/jJjO/DfVfDMoiIdHXJ9S5zlQvqPyGx0cQtUGFXMH38NYsXEj78ZeomXolNJVYU3Yonm1HafVQd/JugG/tsC30cbYIj+2VLp+mmwGTqz5IiNUX0lGpGe4/g4+Kpa3ztqq05WlOMyHeDtdhmMfuQ1cqC4nlYGX6iJ5D+2kvwZoyHxEFni/XA9//Jld7ZPcllqjq8dw4YOduCPNdvXdGXzkq1BXwE3yXw2ZpHYXlMOTpwD3097gVcXJV/zosJrp/MnI2RAFNXu8fciqMFxBXz/adCjltswd5doW1o0Uez6zd+g69YMvLoBfkezZdsixHMrJiIMpSPxkWywJR1FzYPftygDFUAXNV5zA0lRieiYDzZVBfXiyg/1zlfgSdqedUBJqxGSNk2ND7sjzQNDO9CeFS+/cXXksm1PkwpE+mv00fj+i2Iw43Yk/0Ho0UkkjXb7JRjHkuo2rI6/BHkMVcr9/KvD/FaI6tiR7Lg6jSCidA1PUt2ZhdvA6AzprFeHnWkSijnUqzxXbfgV9WF6i20yrSvR8O1ecfBkc6yJnqR1R88cQOV8b/7tkKXROiJCO1wil/3gTcuVcEut/EsddYCaaVaqoAbT76G2rAMkvO38IuSBj+7m6YWDjunrVVcin74R1bGonIxrmq7b4GD7Oma9r6JvQD3Z3WyXgOoY7S1UYzoe5KOZZHg40ngd1rECJw1gR0e+WSyYNRAPT22A2tYLK5Fm9DZ7kyTVUYr0uprRce3Jt7IjHbGVHYkztLqO9y304FR7dniNqeZ6qLvZQBU5xsjGe4nT8F7IpiUdMsKaFLlqqkXXFXtafNLTwfAy7qL3VDqex61WszcGKZL4MwKIUQnqknE8BtEb9HUpMpCbsXrGBCPW2dWDu2+oT5fdS/xaJ0MrUeb80XGTyNyWA6vqepJZHNNYbh2yyUr0pqSmFa2vnVYOVMv5fK5Sq/abBUc23+X0wxzbgX7o6qQ3/KYPnb6iQ7IOllad9vqgGCLV8RDM81GxVxBfoK1IlgWg0Pg8cxcXciB5HmsegtA0vAYWFpURmidTW2cGINmqqmm2BOBVidFMRT+9uybfpE/SVM2GriNbJqh48oeicRzO76mQrJWHdfu0wKisqpPxpNqqNfSfbFOpn65zcflOq9eurrxvxf8CuEy/77zITIrOqKzdS1sBJZEdZidFC2sOGMN8cY0P+c8Auz3qVOnZid9n/UdQV4xfX4T8ksJpMxv5HWz2iouL0AuvJCC/TeekyEN+BxOYK9Iuw5jNpafUqSX9Nz3+EExgr616EcZp3OL6B1AHbFWcgxxmPuehjaXhWWjgwD4P8Hzpd8AGKyY3L6WPyd6Om8vQO9m4jfwOhZT+LgXzjDGFPAsNrA3Pg4hNn7PQwUhzHjSMNGehwdxeugvRx0hzFnSsac4DTpAIgiAIgiAIgiAIgiAIgiAIgiAIgiAIgiAIgiAIgiAIgiAIgiCv4h82HIr8HaiywwAAAABJRU5ErkJggg==', 1, '2023-06-24 12:01:27', NULL),
(8, 6, NULL, 'https://www.sassymamasg.com/wp-content/uploads/2022/02/dim-sum-singapore-Crystal-Jade-Hong-Kong-Kitchen.jpg', 0, '2023-06-24 12:01:27', NULL),
(37, 7, NULL, 'https://whatstheplanb.files.wordpress.com/2021/05/nox_logo_social.jpeg', 1, '2023-06-24 12:26:39', NULL),
(38, 7, NULL, 'https://sethlui.com/wp-content/uploads/2014/08/nox-singapore-08098215.jpg', 0, '2023-06-24 12:26:39', NULL),
(39, 7, NULL, 'https://eatbook.sg/wp-content/uploads/2022/02/nox-storefront.jpg', 0, '2023-06-24 12:26:39', NULL),
(41, 8, NULL, 'https://media.licdn.com/dms/image/C510BAQGvPF6bWyGumA/company-logo_200_200/0/1539927313775?e=2147483647&v=beta&t=YzzLYV55J7wD-VOqJzDKJZP8JFQK0N8A7JhO_C6URq8', 1, '2023-06-24 15:05:28', NULL),
(42, 8, NULL, 'https://images.deliveryhero.io/image/fd-sg/LH/y8tv-hero.jpg', 0, '2023-06-24 15:05:28', NULL),
(43, 9, NULL, 'https://images.squarespace-cdn.com/content/v1/57222aa87c65e4e273671ded/1462457775188-75PWAA3CH8IY86GRI7VN/image-asset.png', 1, '2023-06-24 15:08:50', NULL),
(44, 9, NULL, 'https://media-cdn.tripadvisor.com/media/photo-s/09/c5/ae/93/our-historical-facade.jpg', 0, '2023-06-24 15:08:50', NULL),
(45, 9, NULL, 'https://images.squarespace-cdn.com/content/v1/57222aa87c65e4e273671ded/1462208322089-AWB12PLCU0I1ZOMWBXM0/My+Awesome+Cafe+-+19.jpg?format=2500w', 0, '2023-06-24 15:08:50', NULL),
(48, 11, NULL, 'data:image/png;base64,iVBORw0KGgoAAAANSUhEUgAAAOEAAADhCAMAAAAJbSJIAAABU1BMVEUAAAD///////3//v8AAAL///z8//////mtsLP7+/v6///39vQAIinR0s9BQUHz8/Pm5uYAAAvKysoHAADb29soOT3BwcHLxcJya2PRz8jY1M8AAAb7+PQlJSWmop5mZmY4ODiKjJLq7e8PDw/v7ObKzdEfGRZBPjrh3tlMU1m4u8CRm52OiojS2NyblpS8ubZ0e3wTAAAeJSorMjlRTUIvKCkAABKEgHhZXmF5eXmgoKK8u7g8Q0jm4eBjaG7Myr5UVVS5rKsSGxxmeX6BgYKinZNeVlEiJTI8QUE0MCyhnZdLQz6dqK1TYml8fXJiXE9OUV4nLDRJPDAXDQBGRz5vYlx9h4kcKithaGcwLyeQh30jFwAmIRMAEBq8zsoeGxpoZHFJNjB7c38oGh65sqSzsb0SFSQAExQAAh0hCw97d2AhCxc8NDUUIStxbG02O0hUSzil3t78AAAblklEQVR4nO1d/18bx9G+PSSh415xhyzLfBECiZMtkIRkiIMkBFFcQYxDkjZOiOPWdt/Wbdq+NX3//5/e252Z/XI6ySBsaPre8wMfTnfa22d3dmZ2dnZlWQkSJEiQIEGCBAkSJEiQIEGCBAkSJEiQIEGCBAkSJEiQIEGCBAl+xVgcXufppVxxdL1vXAtbW1sxnxrv2xyNnly9wEEl7zHmPmi+nfLQon6RZRw984lurze0ZsF5drfXz+aLuYLPCHZOK32rU3M8J/xUfbgdXpWbl1d7QUYWy/xyTB2fjlpQfl4W2BJPf6meGWQLUELxUVzzT0eWxaEu+Z176tNVqpS4Cu7FlbfWWzeuvzILbkdquNdfUDdX8MPfmAxHNa0AJ//Pa/FLWdsLLAav6IGG8fEJsuCsbXYaV+JXrL7+jAtdCq5/Fyk52KA7AudhOfprU4rhiXyEAI8GD69FcUInHuDN/VBg3IL8uPQ1fAxiVI5nyFb9HHtA13vRoktn2tODsGxPK/+R+PQncbEMjxzTzed9+ueaDNdacRSRykVI8MeG2+xTU8NrQWzqccV9xdLi5md4/R4LTHu5dj/Lx9uK9jQv/zTrjqh8+0f+6X/JV6Ws/Qy+uSk7c3XspR/A0xiKdZSE8FZgectKVAKNIYsr7Rus67d4vY0EH6kvHqinC6L877gkwdeOTIbWUhVvNC1rB+twdF2GoSnYGPUKBQcLyPV6G6gtBqEirHdZO/yXhquoHr7rs5iyfovP0Si6YHprVHh956Wp4fRXu+xdKEkLmpBoDBuKoEU9ce0+JFABh+ojrmdyOVFb0mdigGGPvoopZVtviVDKcJi7cPelkGE5SHk5uYIYWPB2W7SmxhAr1eZFkdZbnpUhcdDGCZZ/akXEFN8Vp2ruszlxb9csFcfsnrA9qFAsqwodxAc9KbyCwbBikFoKLfdOcWaCVpEZlbGkpp/n/3d0Ealo/TnGULa63kgraCN8nf4+3CtpRYoyBcN0yHuNvJAf9Vfo1uZaoFb0pSUfaaSeLlBrpiTdeszLvsKBQwyx3fJ4mddv6g31VHJJAUPOe4AfurNyMkHmxpX+I9YOhFF0xhz7nv/focYfZ0j2j6QU+7BovAS1YU1/tAoX3Fpyhg4X3W/gswzolkXTW7o+pPsiTTI6bKeqOujIkBWOKeU19uF3eI0Vf4eX0G3eC3GxMFb+HPsBGeb095Stxb7wC9z87g1okl5nQ/wAu6MEfVoAhmJEkML8fryUz5EhWRJ8ktTuS40UymDwVm+KU1EGCjJJab3KFNozc5QMSdOhLIJIrVW9wA9r/w94M9D4cbyUNaZ3DDK0pdAiw572QtRsC26dW3euKf/GcGik1HxHg39mzQbSljYVgAYCBsHaQu/bNwztHDE8iClmISeEG3X6T1goMbwPk6nnmqlEA77QWy7g95bk948Nx5wQ6y5eAST0JZICqeg5fglb7mX4PqH4ni2kjXobDC+r6ltSnsnFweuwlHtWQS/fch+HbQwWf61YK6FCVxMLHbGzmg+ji18PXuAHnqwNZ1j9WYiYsBD30cd6F1OMBwzZY3EFUmlL56ACZXK7/hrLx3ngwgthneBtgx6p6QtyJtNHag5yYs2EAc7GaWa7j2VD5fa874UcC/O8b5CPMFwWDG2YndDgJk2DCpvbXHofCMLewkPxcIAPSju03vcdxy+UF9U8alaGxIhcdyqwCTUIFScXGZvrz6+QYZwPXD0A6V7WGUlfEge790SVD4P5p3D4i4H5+/Ei19chMkDdGQ3hXBXvsQAaxxcoYFDcIPQeeQ3SnOG6Zz6qo9Usiq9Bw5AbgfNN6Rouqu6F8Mx2yHBnAkMEDaMJc+8rIFJtaP4MmoQd94l4IP2H8OIp2ic/ppTa7rkmfDS1EPo5ZQ3SijE8Nmd/h+W/AA9gcv0qkuHK5IemM7QN0YPKZeyhuCoG0AQOv3hdNQVaR+vLitbOeZ0h77e0V8U+RJ8tDd1bC6z3vPxStLy17mhja/dR2Dw0A569D6vQwDm8xBpgbKa2Yv2W28OA64DPkWEQU0rrCxA/8K7RZM8jwwJri6gl92NySP5n+NqhdfwmTvDDx9s+q79QE9jrR2pk3ZjRhy2jBtVX1i+8Vx8ILdcyBVpHLc+1iY1GAJsCgxhdNt/nBJ0zVUYJjJP7ynoK5etIoeOW4c6ycnDipt5XwRsW04dzafAwQyu7XpNdgwITPI5huPqNqkXKZFhj5QLXNZ6lGM6LW6/ZPyFgFBVANPnvaPYsEOdLXQU7JkNQe/a8YDhgL0D5nYo+bLBAMIwJXebrx0y66LJWgsYmCzptPq+vqxbECf8xQ03ydaQ4LOAzZT/Z7HGMrMkQdOkcMLxIw32ci14w0eFuTPz5jftHJlXwM9Kdj+AF5Wx2w0E9m9W7tzEftrA9PrK3QQj4uN1mN2bYNxmCcbZBSqvBz5Zvy9l5h4keLsVMn3bYiEl72F3IKBrbLD0aNc/Jt0fj7/BbS9X6ExG1aUdKw4dW1b8cMxIk/4MYQpvZYrp4zvzeaze8HMG9HssXJjKsMDlfIr+F69J95+jwMvssvAUKCg24A3Goem/PiekdbPUvLEszFnEq/Eq4MBl+7jEaUE+rdvp7YdpQLDusVJnAMMsuW9ywCpXxkur01lrzg+Z6p5kLSwRlj2M0/Z34137Mx6UdFfusZPj+5ooGF0QkQ9LOB0JASqI1D+Wj83vhbfe/4fLtxm624Pmi287ZgRAGYVa2HfAi6tz2r6w/KY54m6Fx9OFeT7RtSQT2o0Kq9WFDThVn7kIaytKd3pHXLWYviBfQxOw3oe8R8lg94+yyc9S43EI0WHlb1mMgGfZZsNjvdauMTF6KlOkD7gjYGR5ntYfROg0WkOH7jHxLc2aGgwhDmhesP6OypYXv+AG3VAdWN88U6vfEtw5F6MLjloTW7laOWemyUP4nt3jkwVH5pScUjomZqzwDTXW0qMx9nBG+It5HXkNq4pTGuP2DZFgLXoyc0AULx5GKMxxwwbwI/WLOS/ibVITnsl2fPRcFycAATS5OacIxNgpl1EPH7F1oLTHX6ChcvrVdGgFqXfsiX6dhS3DzI6x3AO4KZ6I0fN5nuxee0U/UdVKFxJm5sQXc2UdhCGfHYLhPhdpz2EUSFc/v6xE+VpCT0i6zwR3ig7JC9+cc1vwj16NpFQvcZiZiVWSLzRkPlWaM0QBc4QSqRs5NlI5K2KtqZHhZzdcKNf/PIUO7vWEZC8zPj70ojcLE8gkpWlmQLTktoePDqP5JVEVeD5jWgEZsJMsrhLqwMDKzD1rM/6qKfqmc8LiXXUHQMAcDve5xcTt8lQopxgWGrgN7FGnLjtKUhs+f2hwugi502xFXmS/zBdYfQa9SLIAdfd3hdiOI1FDLsti11ibU6lmf+jo967xQIvcn7igbeTKd2lHIstoexjyeddqxg6Jxec/qiYDdJuqJ4AycgPE8o1GrHrL0Y8tX2BplD9szezIa3m43e8/H33WDtZBK7YgP190i88qj8ZJvXP6/B7Z91j8qx6YX/afg2XDvRio+QYIECX4NaIIh3lrfXORYv36SqoluNp8rFHL57GXE0u2hu4Rv2rwtQzhgXiGE73uw+ORV/UK7p6UlD0dF3/cLZX35vNt7YQ172VZ4w8/3dHe4p/nTrhnfPWdH4k1VnC95fiHf39B49nZzYXm5Me9ls5cN63d0OGZ0tvvZftiYYQUmpxGtxSeYlsAR5tlBcoZROiojlfuhv+lqsyf3AWU3XEZyCwxPOzZZtz4kGg1ZYrCqk+weynVg/1Bzg9d6Ps2P3akrirH5DqfUKD569nPirw8SfH+8ruIL27Is57DvRSkOxr4UFh3Acm9KWx0UUL2fxRrgBENR5L6ujZ+mz6Zkg8UxlOUf4ge4sIs3xhnaIvWXkklFF+CKg5oVfRPzojRV+D0UmQk28A6NCQoTtDHsJifoe+FwqMv4wOq9iQxpLdCH8WMXfK/eI2VTwXocmKtNxNDNFYswAYIw77oIg+AaIFZNRR0wLuMU4I1ewQvUyGpBH/l/pshCk9c4ZQ0wR/hLCizOa9TrT/z2xkKE+RhgwSP3aKsSSnu1WB5qKm4bZaAnl8kCg6EYLTR6+AXSFQtyPWgcW5KA2Nru+j4PlqweNodnSkNlYa4drMvYRln0yeeYI9ym4CauMsC7HnQDvnJATTIBXQbZIL/rb4T0jJ0dNIvnESIKCxoMRaozReJ4XAbbWcSkKM4m55ug0s6sl81KSM8wFZglwdeyfoMyAbqjAmW0VWVcShVhYlZ2JoMtcUvuFlXEjl83xnCsmJh3fC7y7iOD4SWXI0rqaZsVQtVhq8QJEPTYvQTnqimfZqsq330Jho5YbxyKZCsbV06ERAQLPDUGZCOdjkvKpidt2ulgAlsN84LWF4dku+7rWYU1FGVYHxIXxTNZa21bhhDndFw8dx8zkNDmbA43hvAfthiO5a2wBotU0ZZsfRjw6YmZUlmsawxDplrWxDOsESciF0E5Q8xDq/8gq2C71GmQAxWrEJDIWJYC6Tdtg5CsJ9zhg28frOLEnSZiyQfC1RHQmB+PRD+DPrT5kJBBXy6a3wjqmSD0A2kpQOrS+2KsFeJaGofyWBIJRbJi1u0xHj3k/8NTh+MPAUQzuXEZajL7cr2bLVQL+bb0M9F2z/H/KSQvhGQwJ9qzaqlAorSHMC79f8S8CUN6ZWuzEzqIoSs3hM9/wtHwszVs5Dw/V2yS74RjwH/MO/Uv8e2DWIIsNGjpt4uLvaZUp5Thmpdm1W2/0O/w3Jo9Mv5CG9yHtSbnlARPS9GGBpuDuOv6Ynek1Dv2YV65tL7QT79gHx5Kf87OI8eCxgoac5JBpLzsdjbve56T4SaJoDxPGZIFYd+GrT9p1VU26KO/YmP0cDOPDYZbADlX+4c5z3Md3TE7joTuObJAfezG/EvRMdCwvIiUVfUCbzLDqLPY1oJix9HSGcb8yTv7vdykwR5s6Y1y4NNGM1UaqLS5WGdZ339H4B7EfoyzXuKTvS4T5ewKhs7yS38yQzMLN2IYG+Pli1Rzbd1tjh3yfqPiq+bDgaalIturDPP115i9V6ItuzEUtSWfA2AoruejiSqIC+PLcxG11UO3/Kgv/fNljbkXfmG1EVaCXLNfPKO40teaijbXYSgXSiBlrWWhb50cZTPasBI6QO5+Uaq0thQI3N/mcGfKjt2GZekJfwLFiEFe6xWLxeZQMwq8UJUWwfy8SrXk3pc+bsyVsAjD6Ixus1EsZntnUmJtyuQdZovFfveeNaDWeycLS4u8xr+xx6JGExxTnaFXfhT/kGUy3NJ6Ssi4miHpUlo3Z946w8KUhVxiGB1XMieqLN8zLzIlltjfrbiEMckQx6Fbnrp1WXZbeWx4BkP1mGLobUZKkAyPmpMbUvlIdjQBTLZxXT5U+ju/ccysvSqbuD6HDNNNbiRiPLe3Q2uRT4akKgjLeamPNtvYvNxSdiVaEjKsb0ygtvlI7Ikn5W7TDre14dYev0EDlBtBnBOAm9dgoafBJqbZCIb2eCIL4KeCd9RweIaN1Gm8HBnacR5EBFtT+9EicZrwrRWLjsfKRT6UKMmI/MyiN9/0OVtZ9Bcynwpa8bxubfM2n+B5I8NyfAwANe2p2OQBWFYM0+Nl6mGtSJsCw2qc12ZpfokcAnwcpihd4kSToneyGQriq2/eWVs+pXFOYEiJsRPeu6o5BiItmxiOf0EfomnzlSil8QwHYMFHWhuBpgHZdNetJWmvTmQfgktY/dHarE6eW1wIhm68DKP6OtAdA23D53xccRrMoQgM6/EtDS3D5+/S7EEHyXnDntyL0JROlWC4twD7GCbNLcA9ORqTN7Gqfgyj7w+ayk3/MJWhliLJIkMRp6xjLS2ER+1/l8IofJrNKrWxzH3hTgluaXEhDPlQfH1SyBTFD28Pm9lstpgvVCEnAKYonqXJjlBfkxlGcmT00AF8qfQ/4mJ9o5/Ntou5Qgn8OiDCLRpt6obkD/QPh7qT/Jl8XvRhK1jml86kw0hwbvFqeJnNa+Z69aHZsvJWm9d5MkNs6RzKWlqzaRXxSfDb4aiYkxKHVgwjUbtqPz+qRviSsykN8hz4OjnZ3B3mfHsMoeUJwJ2TUYiqvSGGqgHPpvchDy54vB0wLV57L0WmIhAKBe3brmYTIHGpIRmiRzMHzhlIV+mhkOpHC6GempSPY/iYGqD8PtVB+iOQEDOFYUYwfCcDECqD5r039hYO0HG0x5ukHDOO8No5U9v0wF2FVCl7w/pXyNmbUBeEOblQDPkAArPjaieQfD2dYYp7BoEwylRX5QtW43ZLIkPourIaDeiVrkHnfqaECCY/29ClK1JBTHBZOGKmufMrkPBD99T4xHKm9GEoNHXIMwY7pKXJjU9z7YBShfCe6mZU7q+BoYsDVw63z+EDn/azlaYc6RJZ8wlL8eUcMZo9SIpjCsNQ6GsO0GrAglVTu6Vewu94dTlBji7xyXaJijYZblptwYpNS2epmCUEG2cqjvFL1bxJld2ZzPAv4dBbwAruiHCOzAlumVJ6qO+vN+0oC6QOjnS8HNZmzaZvwNDymO18xGxqzT6nTWjx4/RYolMqdEnsokMVAetNQ+S9FpHw2j8YX1xy1b0MXyojHMslQg6lMI2O+cAOE+Ga2X62uRGzrr6jLNeRirnQpqwYZzYUt/YCSTOcayHHiNCHpVw/LsPtmbaMaWiNipLTtD7x0jrxgxu9QuvsT0z82xyJcKlXaD9UfCLHeegIVfNJTVrBTY8FWRmr3QrbchVdj/FvDiHL8ig3Mj9/ernD2TiFvDEl3iTqpQ8nfu/npz/zdrgxNF0i9Fhi0z2LuUeDoUwWHYYmYEeO30Z50vQXay2XZEykFrsbm+P1Ho0aeRHa+fi4aDmH/f6VkuYvw1FSkwdR/IqweeUnG6HHsDPrttZfB7L96x6wliDB/1MsfviRXzUWdzJedvixShvk+9c7n/LTA6cQwUfKN3/PFx2mBe5vH2vyqBLhS3Uu1xc3agbd9U4tX/RK1ahnzp2nWj7veMED5a3APMEf24CwfncbK57ChNnG85MWmJPRVnJSVjer/O/AmBNsFNX+wAK5T6/xg8jY3q5OncV9UshQJPhhPnaohDEL1Re9nhl36NQ5ynYcGi85dibng3xydI3aD6CCWk5hOHfzbJnlqW1ia7gMDlcAwDRNHnFl+K0NkbSz3utPWaP8dJCLDSKgPcBFInlUWZV3KDvqo6hm5PTt9UKGfbHPVun7JZxs0HkQ2iv4nBkEekrI6NNBLafw/vkXih7IVEqEo5Y7Yff2aMzRPI3Hmv73nO8kn4PTITD3kwLzcsq114LuZ7MfvHIzqIAiF1M6L4pCIvy4itPW/GMVLqIhyjv7YZUHMCmawiPiKRmY/zM+t1mV0cgbbFO+CbRA19fqvCicmfMFZXfX4flPFHi0oXP4aXOlCju6p6ImYos6ZfxRoKorNbF9xTPAPzJSejzrnWUteQbDY9Vve9QVYPsa1G+aruJqhA64Rq1L7OMOFLgdpPSgDl/NMRliXI2PnyU8SUqEa1MQHbQhd4kitlo+O5sXSc6agMx4CNlHANPwnYxiIUPtTEpiCwdg4ToEnCOFiejCJFLsU+jSmlqLuaMxaEWOTT+MnJeI3oAtLi6UXErxxWwBICJspTQe4be1GOHH2Mc7I4yVi9JjGpacYUrsvA9rD+oT5e8LcXGu061AtqJIUDxHWg+MrLS7UTIAMwHogHaR8NUVPCSNjpTp6L3b0rumr9FtFTAtWQvV29PDiJ8Y5qrIinluKQ5DOgXR4f0jlCQuENKRecz1sXe3PHfsuI707EdUfwyYmY+lP+jbbyiPBmYF5/UyX1IUQ49yTOE4tzer/WZ4wft901mNEpz51NiPBNeszgEy5JZcLk2Du3x+Yn3u42oSiiDuLqh9K/IjhMX38maBrH7THY03xJ5j1meFTsbhtcX/09AJ58/BVeM9aq4hhgyfevBchx2Zy2irLya++3YQXSKdz2O/8WALnV0JQV0eu+bDjeemocbFSVarKRiKk+OcqjFt9O48IBxZnFTgPYUpCpjN+uYdnJ3OjQKqIHTN/BMYmCc8R+lB0SjnDg0hIC6ZW4Avy5lnmtbegXvwToUqcAZSPQFZOOE5SD1Td9kTErBvCSnKfBlHWe2mAAu4x3atCt6hyIfIIArZHYCROeD/P0+bBd3o4KOPAHKsvIjG4Q7cYE7vqbB3gEdTjV5I2/xTOADFwDyNTe646cE5NwPtIWWHMQyJB2wa2g6njw0+vV2WpyqGvcoZdpi1dM77OxTITgk3umpGY3LC0i2AEsS9scZXmarktLmcpS00Jp2j/C2c9nkEnPnRqxcFTCguq9iBfWdxREt109FY7squYgh9mF2Bx9N/Vwwh8haqIDiNOzR9F0eUSW/1q2kU87s0GXSY1oPIEe9zfEyZUlorQ+oW1zvU4cDQP4BMULGPFM9r486A3CMx+8/f3Bzkd5fVDwIAQz5fp31HwDDzCnYz8qnsAJtBMNzLfAeNwWcQjQBTdLi7ozLx7m6hm3ab6783JD4RedN6ZLET2oIOf5TH0Lb0PmyE/S1O/uJfOS9hLCCAL0FpGfj9lrsA/QwRn9/oeYoZwbClGO5V7TYXZNyr6Kuu2XfSZdFSQhTPXZQLPYOTab8QdMuQR6pxhr/TdY3wY1CG+cirhMPsPv/ZB5jV4wbnMkTxT4Q4PkeG4CahFdwhOZ3ht7Y+BvZx7Ikjti3doRRjT/sdkbDTdnmX4goSqiVOIzSRB2HbZODHuPouiqYwgikt+e5OAvqkE21YZHipMRSBFdQU84/UFAS7hn4v6LGSbWAQjkM4xYBs4Jo4PWTKvp1PC5pZmLFDJpMmGQ032b0Y9SQt+UqlSAOlyry4l5EHWPC58YpIPZ+/C8NPHYDKXJlEnE7I3+qg2Aul4dGYLQ/IxOCu+YZjDfgh19pvXG5nWFM8fu1fZ/wIIHOIAkSxUzwXX0b8bR8/lr/RQl3nUbeTTb+Yt34yj2LlkuK29Ya8TZAakIm8xHDZvI9QBKPn2qgzhpn1mt8z1tEa7NWF8dRtIUWM5CYtGpckY2YEwNNsmvkTokcvVAnwM0BmAHFHWMlM7OENnxbIUB7ivQVzKLUxWt/cWtJn60t6qrX3Z/n5y1AUW+MGvgXuQunWU22AYWlTftDJF4ob2ik8x2qaZ5u7pdUZWSpb3eJO6glXvNGJ/evqrvBvbp1hw83mypWpP9G87Tu+wxzvcOyp4yqPgTvBl7qKfFpb4dvcx3Y07i08txqHqzc7CHgWXCWNZ8tajMlC5nhrDTdiA9r746Zv+46cmltE5/ZF9LaxedcV+PS4oxliggQJEiRIkCBBggQJEiRIkCBBggQJEiRIkCBBggQJEiRIkCBBggQJEiT4d8b/AZMMnvTnZF6aAAAAAElFTkSuQmCC', 1, '2023-06-24 15:11:31', NULL),
(49, 11, NULL, 'https://eatbook.sg/wp-content/uploads/2015/09/image031.jpg', 0, '2023-06-24 15:11:31', NULL),
(50, 11, NULL, 'https://expat-live.s3.ap-southeast-1.amazonaws.com/s3fs-public/styles/960_540_16_/public/2021-05/Tolido%27s%20Espresso%20Nook%20640.jpg?itok=iapkA2uQ', 0, '2023-06-24 15:11:31', NULL),
(52, 13, NULL, 'https://i2.wp.com/absteakla.com/wp-content/uploads/2020/09/AB-Steak-logo.jpg?fit=1321%2C1017&ssl=1', 1, '2023-06-24 15:30:14', NULL),
(53, 13, NULL, 'https://i0.wp.com/akirabackdallas.com/wp-content/uploads/2022/05/47984909.jpeg?resize=473%2C473&ssl=1', 0, '2023-06-24 15:30:14', NULL),
(54, 13, NULL, 'https://imgmedia.lbb.in/74969028_542992559611060_8000589832219678796_n_1574834171882.jpg', 0, '2023-06-24 15:30:14', NULL),
(59, 14, NULL, 'data:image/jpeg;base64,/9j/4AAQSkZJRgABAQAAAQABAAD/2wCEAAkGBxQUEBYUEBQWFxYXFhkaFxYZGBwYHBoZFhgaGSEZHhoaICoiGh4mHx4YIjIlJyosLzIvHCA1OjUuOSkuLywBCgoKDg0OHBAQHC4nIScuLi4uLi4uNDcuNy8uLi4wLjAwLi4uLi4sLi4uLi4uLi4xLi4uLi4uLi4uLi4uLi4uLv/AABEIAOEA4QMBIgACEQEDEQH/xAAcAAEAAgIDAQAAAAAAAAAAAAAABQYEBwEDCAL/xABEEAACAQMCBAQDBgIHBgYDAAABAgMABBESIQUGMUETIlFhBzJxFCNCUoGRobEzcpKissHhFWJjgsLRFhdDc/DxJDRT/8QAGQEBAAMBAQAAAAAAAAAAAAAAAAECAwQF/8QAKREBAQACAgIBAwIHAQAAAAAAAAECEQMhEjEiBEFRofATYXGBsdHhQv/aAAwDAQACEQMRAD8A3jSlKBSlKBSlKBSlKBSlKBSlKBSlKDilDWuGvuIxXc5QNIiyH7t+hVmGnR0OwZM6emoZG9Stjj5fdsc1E8e47DapqlJyflRd2bHoP8ztWFwrm2CU6JCYZRs0UnlII6gE7H+ftUHNwZL52neRi0kYESAjEZI1DI7BUKFs9S574FQtjhq/L0tXL/Go7qLXFqADFWDDBBABxtt0I6VKitU8r3psb1o5yfDkBXVg6ThsLIM9V2YZHr7VtYGhy4eN69OaUpRmUpSgUpSgUpSgUpSgUpSgUpSgUpSgUpSgUpSgUpSgUpSgVF8Ssi3nTOcEMobTrUgjY9AwycZ27HsVlKwWtDqOkhQd9i+cnr0YAb0TFZ5iijltpGZfECLIR5cOkjDYMNioUHPodjjYZzEljeG1lXHnVUOxOVMbHQQu7YdR5fr6mujmbhl0SHt/DbSp1HdJSv5M7q69dmB3qr8n8VP3dsVYlJHdQCwbJTT4YA6YJkY5Kj1Io3mPlhufZOc+cMaSDxlDB4t9bsFynoqDvnB3AO3erhw+48SGOQfjRW9PmUGqjxvh0k6eC5EBPmCkJhwvYaCSxyVyDnGQcmqnZ8w3dpJ4bO2EIBifcYHRQSMqMHbGO1Ccdzw1L3G5KVB8scwJdxFlUqy4DqdwCR2buP41OUYWWXVc0pSiClKUClKUClKUClKUClKUClKUClKUClKUClKUClKUClK65QceUgH3GR+2R/Og+6rnGuXBJcRTwsY5FbEjKdJZCCM5wRqHuNxse1YnFLm/kspAIfDmbIRIpB4mnPdyDHC5GR8zgZ2JxXfwHma2KCFmeGWJPNFckrKFUbsWc/eDbOsEjvmi0lncd/EIWRlkcO+kYLKzZ0nBOy4KHIHTKtjzYwCNXcx8SE9y8q/KcBSQASqjAJx3/wBK27wbjtvc6/s0qyhCAxXcAsoYb9Dse3fI6g19XPArd1ZXhjIY5PkAJPrkb596NOPkmF7iiciWNzHqnSHWrjRpL+G2xB1BWGlh2yff9b3wniDy6vEgkhKkDDlSGznoVO+P86y1nTWYwy6lAJXO4B2Bx6V30V5OTzu7HNKUozKUpQKUpQKUpQKUpQKUpQKUpQKUpQcUpVd5t5ut7CPVO2Xb+jiXd3/Tsvqx2/XaiZLbqLETVO4/8R7G2JUy+K4/BCNZB9C2QgPsTmtQcyc53vEX8IalRtlt4gx1ezaRqkP8PYVncG+FV/MAZFjgX/iNlseyJn9iRUbdE4cce86mOJ/GeY5FtbxoOzSMzn+yukA/qagbn4o8TbpMif1Ik/6w1W+1+CiY++u3J/3I1T/EWrKf4L22Nri4z7+Gf+gVHa8y4IoEfxL4oDk3WfYxQ4/hGDUtY/GC9Q/exwyj+q0bf2gSB/ZqSv8A4LyjJt7pG9FkjKfu6lv8NUrj/Jl7agtPA2gf+qn3ifUld1H9YCna8/g5etNrcC+LlpMQtwr27Hu3njz/AF1GR9WUCrLxfgFrfxDxz40R3Qq+FGfxKyYz+pIrzIKmeWuaLiyfVbSYUnLRNvG/1XsfcYPvTauX0/3wum5rO3ueFLoSEXNmDktEqpcR+rOigLN23GG6k1mcZ50xaxz8Oha8EjhMR6jo2zl1CllPQYIHXcjv38l85RX8eU8kqjzxE5I/3lP4l9/pkCovmvlWWN2vuEnw7geaWID7u4GckMvTX1Oe+T0JzUuf/wBay9pfku7aVJpJo/DmM7LIpxqGlV0KcE4+7KHAJGWPrVmrX/wu5jF4945TQ7SROyZzgmFYiRkDYmI7VsCkVzmrquaUpUqFKUoFKUoFKUoFKUoFKUoFKUoOKx4blHLBGDFG0sAclWwDgjscEH6EGsitIcwcyNYcxTSqT4TmITp2ZDDHvj8y/MP1Hc0Xww89yNscb4k8emOBQ88mfDVjhVA6ySEdEXI9ySAOu2s7blX/AGjM7I5ePVifiEihnndTgx2yHyRRLuNQ+gJAOdnrw+N0kLnV44GtgSMpjZARuEAJ6Y+Zj1Y1lExQRZOmOONPZVRFH7AAVCccvH17R3AOW7ayj028YTbzud3bHdnO5/kO2K4sOa7KVtMV1CzZI0+IuTjbYE7j3G1UG64lNxqV0jfwOGxNiaQkK0uBqwc9ARg4OwBy2ThRrXm6a3e7cWcarAgVI8D5wgwZDncljnc7kYptpjxeV+V7epM0rTXwRhuzI7iRhaKCpRslWk7CMH5dPUkbbgYPbctTGXJh4Za25pSlFGvecvhjBc6pLYLBN1yBiNz/AL6DoT+Zd/UGtIcW4ZLbzNFcIUkXqD0IPRlPRlPYivWFVnnflKO/g0NhZVyYpMbqfQ+qHbI/XqBUWOji57j1l6eeOC8Xmtplmt3KOv7MO6sPxKfT+RANeieVuaFvrPxoAPFUENET8sgGdJP5TsQ3ofXIrzhxCykhleGZdMkbFWX0I/mDsQe4INWTkLjrWNzFPqzBKxiuB+XByCfoCHB7jxAOhqJXRzcczm57dXHOC8Si8e5ngeBXcGXw2CJqZtvKjnK6j13GT71sL4V88B4GhvGVBAq4nkkA1BiwCsX/ABDGBvuB7b7G4lYpPA8UgykiFW+jDG1aBs+SpAk/jQTTNHMYQ1uQzxsgJJaJvmSQNGQQdgD07vTKZY8mNmXT0HaXSSoHidXU9GRgyn6EbGu+tefCDlq4tLeVroFDMylYSQdIUEajjYM2Rt6KM+g2HVnLnJLqVzSlKIKUpQKUpQKUpQKUpQKUpQcV5i58vxNxO5lU5Uy6QfURKsefodOa9KX2kROWJC6GyQcEDByQR0OO9eS4+g+gqtdf0s7teifhLxXx+FxAnLQkxN9E3X+4Uqo8xcXn4veHh9oum2il+/kVs60RgNRyMAAg6V31EA9BtSuU7+9Ky2fD8k3GC2CAVVAQxDEgICCAWPoANzVuub5OC8P+z28iPezkmR0IYRADH90bKD1JZsdqlN4/HO2e76/2jfiNxaOBTwuxVVgj0mZurSS51aWbvghSfcY2C4qs8o8vPe3aQodIPmkf8iDqRnq3YD1PoDUMzEkkkkkkkk5JJ3JJPU1LT8WgFkkC2qeKCWa5dzr1HHyBcYUAAAEkd8Z3qreY3HHU/f8AN6W4Tw+O3hSGEaURcKP8ye5JySe5JrOrzbwB+LyYFm14ynoQ7iP+3IdA/etzfD3hF1b27i/l8SR5C/zFyoKqMFzux29wNgDVtuHk4/Hu1baUpUsilKUGp/jby2GjW9jHmTCTY7oThW+qscfRvatRWwZj4an+kKjB6Fs+X6HJIz/vHsTXqji1is8EkMnyyIyH6MCM15TnhZGZH2ZGZW9mUlT/ABBqtd302e8dfhvv4dczKeDmS4LZtFdJdiW0xLqBx1J0Ff1Bqq3nxQgivXns0Msc8aeNGcxsskRKhxsQxKFRt+Qb1I/DC6AvpV/Dd2kN1p7BwTHLt6mQt+3tU58SeBQPw1pEiTEDLNhAE1Ih+8GVx1jL/rin2Y/GZ6s9rlaXKyRrJGQyuoZSCCCGGQcjY1k1HcC4fFBbRxW4IjVfICSxwx1dTuetSNWYUpSlEFKUoFKUoFKUoFQXNHNMFjGr3JfDEhQqliSMd+g6jqRU7XVLEGUqwBBGCCMgg9iD1FEzW+1E/wDN3h//ABvp4X+tYV18ZrQf0cNw59wiD/GT/CoTmr4Ry+Mz8PaPw2OfBdipQnsrYIK+mcY6b1E2Pwjv3P3ngxDuS5Y/oEBz+4qvbpmHDre2Xxv4vzSo8cVvEiupUl2aQ6WGDsNIBx9a11aWzyMEiR5Hx8qKXbA76VBNbr4R8HLVADcyyzN3A+6T9ly396rBxrjNhwuIDQkZI8kUSKHcD2GNs/iYgZ75ppacuGPXHGjL3lK7htzPcRiGM4UCR1V3LfhVM6ie+CBsCe1RFpbPI6xwoWdzhUUZJJ7AVabl73jV6Si5xsq5IigQ+rY6nGSfmbGwwABuHknkmCwTK+eZhh5SN/6qj8C+3U4GSdqaXz5vCfL3+EByp8KbdIVa+XxZjuw1sETP4QFI1Y7k96u/DuXrWD+gt4Yz6rGoP74yala4qzjy5Msvdc0pSihSlKBSlKDg15h+IEax8Uu12H3rNj/3AH/mxr03LIFUsxwAMk+wqi3nGXZ2MYVULZ06FOT+Zsg5bYb1MwuXpbH6icN3ZtX+T+FXFtfcPSaJwBFdRGQKdBDM86jV0Gd8A1Nc2Xl7DNcIbdX4fJBIXkU7x5jbW+CdtzkqBg9RuWr5tuJSo5dXOSctncN9RUrzZxQScGupBsfs8iMPRmXTj+O31qcuO4xXD6icmfc/e03ypIWsLZj1NvCT+sa1KmsXhVt4cEUf5I0X+yoH+VZRqqb7c0pSiClKUClKUClKUClKUHFdU0qqpZyFVQSWJwABuSSegrtrSnxq5juBP9k3jgKK3p4xPXzd1U7aR3BznaotXww88tJ7m34sQxAx2OJpOniHPhr7jvIfpt79q15y/YQ3twZ+J30aBmy+twJXx2yRpjX+Q6AdR88A5Bu7ldZQQRAZMs+UGPUKfMfrsPeoTjNisMzRxzxzqMYlj+U57fUexI96q7cMMJ8cb29M8Hsre3gVbZUSELqBUjSRjOst+LI31E71TOZvi1bQEpaL9ocfiB0xj/n3L/8AKMe9aY/2hO1v4HiSmFDq8IElFyepA2xnpnYHp1rCqdq4/TTe8rtbuK/EniM5P33hKfwxKE/vHL/3qg//ABBd5z9quc+v2iXP76q2vwn4NQBAbqeV37iPSiD2GVLH65H0FQvxG+HMNpam5tXcBGQSI51Ah2CAqcZB1FdjkY9O7RjycW/GMfkj4oTRSrHfP4kTEDxWxrjztqJHzr653752xW9BXkQ16j5QkZuH2rPnWbeEtnrkxrnPvUysvqcJNWJSeZUUs5AA6k9KjY+YIC5XXjfAJGFP0P8A3ro5wz9nGM41jOPTB6+2cVUY7R2xhTv02wOhPU+wP7VthhLN15/Jy3HLUbLpVL4Txh47eTGG0FAme2vO302zWfwTmFnk0SgZb5Soxv6HJqtwsWnLjdO3nC60xKg/Gd/6q7/zxVOqxc2uHEUiEMnmGQcjOxx9f+1QthEjSBZGKqdsj17fpmtcOsXPy95sepGziQQSNONUT4QR9NbKQwPtpx196ybDyGLSulwZY5D1JOkEden+lfHFYcRW6LksY86AM/Pvke5Of2pbvpGMuPyjIbmqbsiD9GP+dWjh114kSv8AmG49D0I/fNa4IqQ4ReyJLGqs2kyLlc7HJAO1RlxzXS+HLZe2wqUpWDrKUpQKUpQKUpQKUpQcVSeeOfrey+7wJZ+ojBGFz0Lt+H6dT6Y3r5+I/PK2KCKIBriRcqD0RemtvXfOB3wfStf/AA45BN6Tc3hbwdRwMnVM2fMxbqFznJ6k56Y3i1vx8c155ekY0nEuMykeaRAdwPu4I/r2JHvqasLnTlf7A8MTSiSV4y8gUYVAWwoGdznD7nHToK9AcSvrewtC7BY4o1wqKAMnsiqOpJ7V5z4rfTcQvi+nMs0gVEG4GfKqD2Axk/U1Fb8WdyvU1I2f8NuEtNwCeI4+/acR7dPKFB98SBq0yy9QRjsR6eor1Py5wlbW0ht13EaBSfVurN+rEn9a0j8WuWDbXhmRfuZ2LAjosp3ZD6ZOWH1PpSq8PJLnZ+W4eROMi6sIZc5bQEk9pEGlv3Iz9CKonxl5sjaL7DCwdi6tMQchAh1BM/mLBTjsBv1Fars72ZR4UU0kauwyolaNCThct5gvpkntWxuXfg5I2l7yZUXY+HF5mI/rkaV/QN9ab2fw8OPLyyv9FK5Q5bkvrpYUB0ZBmfskfc5/MdwB6+wOPTUMYVQqjAAAA9ANgKw+CcFhtYhHbRhEHYdSfUk7sfc1ImpkYc3L53+TX99xOUzMfFPlYgaThcA42HQj61YbO28QA6dJUjUOoODqBUjYqfb8zjvUdxHldwxMOCp6KTgj232Ir5teKrbOYgrOFJDEtjzDrpXGwz771vdWfFwY7xvzSl9wwLGcb5GWLEAErGUXOcYOSD9d6hOF2DrJqOk6VYgK6sSdJAAAPXJ/hWbx3iglt8xE4BHiKRg79PqMjt7VjcNshG4aTZwC2NsRqPxt7+i+tJuY9mWrl0wuEzaWMbgsj7OoBJGAfMANwRUjw7hjEusbK0MqEeJ3GOgx2YEjbv8Ayi1v2WdpU2JZjj2YnY1ZeBROEXwzpTOoK4w2k9QfXG2G+uR0qc7pXjkt05j4S2pS3zFkd/TKqUbB9WyD+ldXGLXwnSZW2ii0gd8jKqffdhmrJUFzNOiIC6h2JGEJIBxncgdQMnbvtWeNtrfLGTFTGbJydyetS/LXDjJMHPyRkEn1Ybgf5/8A3XRHxTJxJFEUPVVQKQPVSNwavNrbrGgVBgDt/wDOprTPKyaY8WEyu2RSlKwdZSlKBSlKBSlKBSlKDyxzdxJri9uJmO7SuF9lQ6UH6KB/Gtl2/wAWbWC2jhtrac+GioobQi+UAbkMx/hWTx34OxyyvJb3DQh2LFGj8QAscnSQykDPrmsbh/wWUNme7Zl/LHGIzn+szNt12x+tV7dlz4spN/ZrzmTmS54hOplJY5xFBGCQueyqMlmPruf02rbHwx5C+yD7RdAfaGGFTqIlPXfoXI2JHQbDqc2vgHKtrZjFtCqkjBc+Zz9XbJx7dKmzU6ZcnNueOPUc1gcX4XFcQtDcIHRxgg/wIPUEHcEbis+lSweeOdPh1PZkyRBprfrrAy6D0kUf4gMeumozl3na8tAFt5sxjpFINaD6Dqo9lIFemcVTuZfh5ZXOpzCUkO+uEhGY+4PkY+5H61XTpx55ZrOKbY/GpxgT2in1aOUj9lZT/iqR/wDOmDH/AOtNn6p/3qrcR+GqqT4V7Gp7R3KNbt9AxyH+qjFQk3Id+p/oAw/Okkbr9dmzj9M07aeHDV1u/jWf/Rsx9Xm/6VT/ADr6sPiXbTj/APNQxHYthC6EjIyrx/eAkY2ZWHvVL4hyXJGmpZomA+YsfCAHrqY4x9SKirfhOt9ET+PJn5LaN5f3ZgoA9xqFWvljUTDg5Mfj6XjinxJjiYDh0Wtc5kecbOB0VVBBUZ31HByBtUpBzYdKQ8TTwZZ31xpAjMyq+AvjxklizNkqMlvULtUBy58NeI/aY3dFgVSreIxjlK9/KnmBcdsjAO+dq2Vccv2tpMlykWZC/wB5MzNI5ypXOXJwT3xjOMUlytY8s4ccdSMWVEtyR5ZZR028ie+PxN/KsE3smvxNba/zZ3+n09qmeLcIjDFyzRg7k6C6HPcEbr9GqPHD42GY50IHzawY8e4G5b0rolmnmZY2XSY4Fx1iribLaFL6hjOAQMY79ar/ABG7MsrSHudh6AbAVL8G4UwkySrROjKWU5DBhjSO4OcHp2rvi5TOrzSeXO2BuR+uwP71XeMq1meWMiM4Xa/dtIYw7EqsQbozavNsCM4H6davNuG0jWQWwMkdM98e1YVtwxVkD9lXTGuMBQep92PrUjVM8tt+PDxjmlKVRoUpSgUpSgUpSgUpSgUpSgUpSgUpSgUpSg4x61GzWSgkmJJBnPyLqH77MP2P1qTpQVq2tolmXwoJDhWyWVgATjGfEOMY1dPWsy3hnZmDYiTHl8PQf0OoH+QqYrmp8lJjpTeY7aRHTeSVTudRJBOemFxirDY2a6UcoVbSPKWYhSRvgE4B7ZxmpA0qbluaJhJbSsKXhcTHLRoT66RWbSq7Wsl9sW24fFGcpGqn1A3/AH61lUpQk05pSlElKUoFKUoFKUoFKUoFKUoFKUoK3zrzSnD4FlkjeTVIEVUx1IZsknYbKf1x9RkcK5lgntmuIGLoqlmVRlwVGooUG+v277Yzmqv8ROd4rSdLa5tPGhkjDOWIwcsRhVYYcjGTkjqKwOD8Osry3lbgga1mYKrzGOUFULZZFYNp1bfhb9s5qNtZhPGWz+6K5557umigeO3urPE2rL5QSBR8mNiw74IwfeuOZecLr/aloyw3UONINuxx4oZyDhQdLZHlGe/pVX4pLFNaO5k4rcGI6VklVTbq5IHnJZimcjbOd19ax3jZp7QyjibOyAsSC0pxls2pY5ZO4J9zR0zjx16/LfvL3GpLjX4lpNb6cY8XT5s56aSemP41N1oLhfDJLy8a2gvuIQuqlmW6DBgAVB+Sbr5lIBAz61uyDharai31yFRF4essfEI06dWr83fPrSVy8mExvtri6S7F5NNb8bthG0jHRJIrBACfu/DOVGkbZGCcZqZ4te3E/Di0HELYGMs1zcwBmCogLYRVLHOME7jPbriq3zjw3g3DomjSFZbkrhI2kdypI2d/NhAOuNie3qMDkDidhBwu6We4CyzAxyIykkAqyJpVQS4wxYkdM4PQZNfHePlP8Mm05tfG/MKj2ew3H7jJqe5b4lPdylLfjKy6MM6ixCEpnB0s+x9MjOMiq9ytxx7W2SFOJ8NCrqIBSWQ+di5y3k7k7EbVIck8Ttre8uLm8vrR5LplVPBLkDcklgV+7B8vU4261ETnj71P0/42xNJpUtgnAJwBknAzgDuaoUHNXFpPNHwnCE+XxJ1jbHbKvgg/pWwa13z38SIbdGhs3WW4byghgUiJ2yz/AClh+XO3fA6zWHHN3Um1f5H5g4m93eIiiYrITJHLOQsDa5BoRsHbYjA2wgNfJ41xT/bujy+J4efsvjN4Gjw85zjrnzZ05zt0rt4HxDiFhd2/D3aGYygyyN53kCtrJ1SEjJXSxGx/iK7OVW4ndWTXwvIlciQAtbRs+lCcqHAGFyDgYNHRdbt1NL3wW84g0uLq3gjiwcskxds9gF0irFVN+FnGZrrhyy3L65PEddWApIU7ZCgDPbpVyqXLlNZWOaUpRBSlKBSlKBSlKBSlKBSlKBSlKCtc78zQ2MCyTo0mp9CqoBy2C25OwGAarPLPONzca7yZUtuHwo5wBqaVsEYDEDIB/KB5sLvvjYV5aRyrolRXU9VdQw/Y7VD8y8qQXkKRTa1SNgyrG2gbDGCMYI9Ntu1Q0xyx1qz+7UfKnBry+tPs8cfhWk10800xI3A0jw1XqdJX0wSBuNJzm2/BuI3F6ZLaTULAGOCaWPwxLgkeHjGGOCylumFXpqzW4uF8PSCFIoV0pGoVR6Ae53J7knqazaaXvNd3Uae5FvZZOYp3uYvBma2IePOdLKLcde4IAP69T1q8868CurpEW0u2t8ZDgA+cHH4lIYEb7A4Oa7LblSNOJSX+pzLIgTTtoXyqpI2yThR1Pc/pZBTSmefyln4am4/yFb2PCbmQZlnKLmZxuMyJnQv4M+u5Pcmo/jFtH/4WhkKJ4mI1D6Rqx458urrjGdvrW1+P8JS6t5LeUsEkGCVIDDBByMgjqB2rDk5VtmsVsmQmBVUAFjq8p1BtQ31Z3/02ppacvrf520zzkbkWVkbhrQxgL4XhBvEAEYx4udjt1x3rN54guHu7FL1rNg8oVfswbGlpIlbXq9cjH/NWybf4bcMQYFqp92Z2J/UtXEfw24asqSJb6WRlYaXcKSpyMrqwcGo0vObGfr9livuJQwgGeWOMMcLrdUyQM4GojO1a047xbgdskq20EM8sylPDg3B1/h8RdowTjZDnpgVsLj/AILyHwrpNa5yNyCpH4lYbg9f3xUfy7yNZWbaoIsv/AP0cl2H0J2X/AJQKmssMsZO9oH4Z8nvBG1xdgiaVNCIxLGGHtHliSD8oxnYKo65qmcpcVjPDfsUt81jJG0qOGRWV1kYkglhlSCWXZlNb3qr8f5Dsbpi80IEh6yISjH3OnZj9QaaWx5JbfJB8tcw8M4dZrCt7HLo1Eso1MzMxJwiZx6Aeg61aOU+PC9t/HWNkRndY9XVlQ6dZA6ZIO2T061VIvg7YhwxkuGXPyF1APsSqBsfQg1f7a2SNFjjUKigKqgYAAGAAKRXkuF7m7WTSlKlmUpSgUpSgUpSgUpSgUpSgUpSgVU7W/uvGuWQePGk/hCLKoyDwYWDKxwCupzqDHONwTjSbZXRDbIhcooBdtTkD5m0hdR9ThVH6CiZdILhl7LHLcm8mXTGkchwAqRAq5YA4yVAUbtudzt0GBwrmCbx1a4EixXDYRGgkjFu2cRqzsgDeIOuScSEKMg1Z5uHxMWLop16NWR83hnK59cHeu25t0kQpIoZWGCp6GhuK8t7cC6uCn3sUbRqYcAMAYlctG22WyTlW67YIIw3dwni/jXkojfVCLeBlGMaZGluEcEEalbyKCp3BXoDmpqO3VWZlADOQWPdioCgn12AFfEVjGsjyqiiRwodwAGYJnTk98ZPWhuIK6upTfSxr47IkMDBYzCoDO04JPiEE50r6japHht0xuZ42YkIIiqnGQHQ77erBv2NZ626h2cKNTBVZu5CaiAT6DU37mum64bFIwZ0BYAgOMqwB3IDLg49s4objF4dds91coWykZiCjbylk1MNt87qd/UVH3FxdLOLRZFPirJIk5A1xxxsgdNGNLuDIgRjgY+YEr5560skiXTEqouScKMZLHJJ9STuT1NfRt0MgkKjWqsqtjcK5UkA+hKr+wobiLs7l/t00TOSi29uyA4zqaS4V2zjJzpjz26dM11txXRd3PiviGG2gfoMKzPc6jtuSVWPb6Y67yd3w+OUgyICy50t0Zc4zhhuM4GcHsK+F4VCF0CJNJdXIx1dCCHb8zAhTk5Ow9KG4rvA+PTeOv2oSKlxvGrQPGIH/AAws7KAxZMb5PnVwDhlA74eIXIubph97DFOsZiAAdF+zW8muMj5zqdiUO5HynI0tY7u2SRdDqGUkHB9VIYH6ggEH1ArmGBVLlVALtqcj8TBVTJ9TpVR9AKJ3Pwh+EcU8a6mCPriEUDJjGAzmYN2yD5QCD0I7b1P1iW9jGjvIiKryYMjAAFyowCxHUgbVl0RSlKUQUpSgUpSgUpSgUpSgUpSgUpSgUpSgUpSgUpSgUpSgUpSgUpSgVxSlArmlKBSlKBSlKBSlKBSlKD//2Q==', 1, '2023-06-24 15:59:58', NULL),
(60, 14, NULL, 'https://singapore.intercontinental.com/sites/ihg-sg/files/styles/thumbnail_/public/2022-09/Man-Fu-Yuan-Executive-Set-Menu-400x600.jpg.webp?itok=rbWLddI_', 0, '2023-06-24 15:59:58', NULL),
(61, 1, NULL, 'https://wolfgangpuck.com/wp-content/uploads/2021/01/Wolfgang-Puck-logo-e1591101116815.jpg', 1, '2023-06-25 05:33:31', NULL),
(62, 1, NULL, 'https://media.lasvegasmagazine.com/media/img/photos/2020/08/18/Cut_cr_Mitchell_Wood_LD_t1024.jpg?b3f067808e872500b33dd7ef4ee517933144b05a', 0, '2023-06-25 05:33:31', NULL),
(63, 1, NULL, 'https://rrsg.s3.amazonaws.com/wp-content/uploads/2018/09/22191311/FEATcut_MAIN-1024x590.jpg', 0, '2023-06-25 05:33:31', NULL),
(64, 4, NULL, 'https://qul.imgix.net/49841eb7-169d-4654-84df-dcdc909e8213/619074_sld.jpg', 0, '2023-06-25 05:52:45', NULL),
(66, 4, NULL, 'https://media-cdn.tripadvisor.com/media/photo-s/1a/38/66/16/we-devote-ourselves-to.jpg', 0, '2023-06-25 06:10:06', NULL),
(67, 1, 1, 'https://expatliving.sg/wp-content/uploads/2018/04/Wolfgang-steakhouse-Singapore.jpg', 0, '2023-06-25 17:37:13', 4),
(69, 1, 2, 'https://cravefixer.com/wp-content/uploads/2021/10/CUT-by-Wolfgang-Puck-Cake.webp', 0, '2023-06-25 17:42:01', 3),
(70, 1, 2, 'https://lawgazette.com.sg/wp-content/uploads/2021/07/feat.jpg', 0, '2023-06-25 17:42:01', 3),
(71, 1, 2, 'https://www.timing-design.com/food/cut3.jpg', 0, '2023-06-25 17:42:01', 3),
(72, 1, 3, 'https://encrypted-tbn0.gstatic.com/images?q=tbn:ANd9GcShujk_WXkSHh4DMURAuYcx8zteIm8ua-qCTQ&usqp=CAU', 0, '2023-06-25 18:07:06', 1),
(73, 1, 3, 'https://burpple-3.imgix.net/foods/1669736948_review_image1956136_original.?w=420&dpr=1&fit=crop&q=80&auto=format', 0, '2023-06-25 18:07:06', 1),
(74, 1, 3, 'https://encrypted-tbn0.gstatic.com/images?q=tbn:ANd9GcQ-dMyYbklfbf_AJf3_vR83RefUKzLbGdrb3g&usqp=CAU', 0, '2023-06-25 18:07:06', 1),
(75, 15, NULL, 'https://static.wixstatic.com/media/a35e9b_b2eaf7f1c50c4cae8e8c1ec2d157c643~mv2.png/v1/fill/w_640,h_400,al_c,q_85,usm_0.66_1.00_0.01,enc_auto/a35e9b_b2eaf7f1c50c4cae8e8c1ec2d157c643~mv2.png', 1, '2023-06-30 14:06:33', NULL),
(76, 15, NULL, 'https://media-cdn.tripadvisor.com/media/photo-s/1c/16/7e/94/double-cut-dry-aged-porterhous.jpg', 0, '2023-06-30 14:06:33', NULL);
INSERT INTO `Photos` (`photoId`, `restaurantId`, `reviewId`, `photoUrl`, `defaultPhoto`, `createdOn`, `addedBy`) VALUES
(77, 15, NULL, 'data:image/jpeg;base64,/9j/4AAQSkZJRgABAQAAAQABAAD/2wCEAAoGBxQUExYTFBQXFxYYGRkdGRkZGR8fHB0aHR0gHR0gICEaICoiGSEnHRkYIzQkJysuMTExISE2OzYvOiowMS4BCwsLDw4PHRERHTooISgzMDA4MDAyMDAyODAwMjAyMDAyODIwMDAwMDAwMDAwMDAwMDAwMDAwMDAwMDAwMDAwMP/AABEIALEBHAMBIgACEQEDEQH/xAAcAAACAgMBAQAAAAAAAAAAAAAFBgMEAAIHAQj/xABLEAACAQIEBAQDBAcGAwUIAwABAhEDIQAEEjEFIkFRBhNhcTKBkUKhsfAUI1JicsHRBzOCkrLhosLxFRY0Y3MkQ3SDk7PD0hc1U//EABkBAAMBAQEAAAAAAAAAAAAAAAECAwQABf/EADARAAICAgIBAwIFAQkAAAAAAAABAhEDIRIxQQQiURNxMmGBkaHwBRQjQlKxwdHh/9oADAMBAAIRAxEAPwDmGRpFnVR1IGGjNMPMYDYHSPZeUfhgP4ZWKnmEWpK1Q/4ASPvgY3oV/XEH0ej6l1GMf1Cem3p2Nx9Dvjw0+xI+8fQ/yIxXp5nEwrA4BiPeb39rfcf5E4jFUTYwykEdGWOsbg7QcbiSQB1xvWcOe4FlBE2G2/XrjkwBTJeKK9OAxFQfvb/5hf5mcH8h4qoPZppn966/5h/MDCQaXYkfePvv9+NTI3H0/pv9JxSOSSEcEzqdKoCAykEHYgyD8xY4kGOXZHPPTM0qhU9YMfUdfmMHcl4wqLaqgcd15W//AFP3Yqsy8knifga83w6lVnWgJIjULNHYkfEv7pkemF7iPhJgAaTAhfhUiCv8MFQp/wDTaiL9cFOH+IKFWAtQKx+y/K3tezfInBPXh9SOXKIh1kK/qnXmBLMpE2tDMGSGHK3M6f8Azl3NzI8LrVFNVQWUCZN+g+1rZj3nzG9GIjDS1JWqMHUMNNMiRsQ1QyOx9RfBTh1daaBIJAmLybmTOre5N/8AqZzxuSqysMiXg5/R4q6nS6m5gA3LD923Pb7Ikr1HU2Gp0a8shCsRcX0n5Ayp9V37Yr8dyFRXdmpwr2sJBF9KmFOqLAAir6U0wN8wTOr7WmZ+1eF1S3Nty6nbaKK4RQaQzkmy7X4Y9JdS0abnrbUZ/wAIsNth12wNp8UKnmJSZsJJ3vfoPQH0ODHCM3WNTTTOprjsQQCdLTYGBsxVu6jFvPmjWOirTFOsLyVgn+IRzA35r72wKXkHJ+AfwbirowKAXBB2upF5B3EX2w5cN4yKpZWhWWLzym8QCftT0v72wjZjhbZenKqoZiZYMWtvAi42mYsZ6gabFOj5aqtSp5YI1NYsfRVGx6TfeReMOpuIWlMavE3hilmVLMNFYDlqr8Qjow+2vSD6wRhEzdDM5CqPM5b8lVDyN7H7Jj7DR8hu25LxKTpDSyNYFjzwBGonrJi3r8ydqrTqoUYLUQ2INxv1B2uOva2KpqXRJxcexZ4bxOlmSCdNKv1OyVD6/sP9x+eNvEnhynmaRWouiqitpeOZSATB/aU9vpGBvHvBVSjNXKFqidaJvUUfuH/3i/u/F2mScZwPxXK+VVJZRKg/aX0v8QH7JuPphOKu0G9CUVrZOoFqA6TcQbMP2kPcfL1i2GHL53zQsNa8e/X+GTEjvfqZPcf4elXLKjQ66pVh7bjsbCfocIVWhUyr90Ox6H0P7Lfm98Bq1TCn5Q5+HaUVlbsR+OG2jlWVLgwCV9tLMsW/h/PVK8NcVViDN+nv2PY/jjoGVz16g7sx/wAx1f8APhsVwQuRKQPcXviKqB0wQzAD3Pb6/wC/449o5cXIA7c2NSyIyyxMDsMaEYOpkVYXC27TitmuHAMLwuHWRCPDICZnLBgQcA82i00K6QW7nYAbb7GLRvgp4jzppEqhWLX3aY69AMLVSvKyxYk7AXJ+Z2MyfrjzvV5Yt1Fb6s04sckvc9GnmAMxAmbXG0zcbQfl9+JBw5iAVptEDdfT3xEAFM2N9iDBImNr4srxIQNTmYG6yYjqe+MuOKrZV34BPD2FPJ5mod28umP8Thm/4VOA9POIese+LOfzJ/RhTm3mA+5Ctq+mpPrgJONKimjb6uV5KXhIOUq5+yZxYTNnqMLgb5YsU844+1Pvf/fAeMzchhoZkAEhrtYeg6n8B9cWKVSO2F0Z8H4k7CV/of64s0s6nR497f7YTg0G0HhWHtiRTOBFPNn0I9P9sTU82vscAIRKA9Pz6dsa+TGx+RuP6/fiKnmOxBxMKuOAROp6r9L/AHbn6Yt5DjNal/d1TpH2DzD2g/D8oxErjHjgNuNup3+XbBTo4ZOH+MAWPnJpso1JcWkkwTIHNFidsMmRz9OqJpVFbuAbj3G6/MY5oaXY/I3H9fqTjVWZSDBBGxXce0X+7FFlaEcEzqrN0NwenpgdnOA0avNGhoiV7fskCCV/dBAPUHbCpw/xVXSxYVV7Pc/5hefefbB/h3iqg5AeaR/euv8AmG3uQMVWSMibg0QZbg5y9am7QyKdIYCSoI0gQF5RMWQU0HUHfF/xYEfLaxpYBkKsDO7ASCPfcYJ13VkVlIYF6MEGQZqotiN98UvFmSUZeo6jm5J0mNXOo5rgN7nbHPpnXbTKOV4ZU8lXpuH1C9NwO/Q7H2YfPFLPZWjXGmpTNOo2kg3Aj9qIlrGJB6+gwc8Ps/kIdMi/wm4v6wD7yPbHmYz1Hywjr5mkAMuk8vQarSh+U45QVaDzdi2mTenVao3MqkaOXl0g2aY6AWUbEj2xayPEmQeZOkX/AMVwDY7jtaLzYQSL4r4kWhXK01JpQtp1QTaBq3HN1vvi/lc9lszo0sAykEKSQJ6eosSYNsTaoqpBzMcfJTVTRS6tzK1TQIA5oYggGf2oHr0xR4zwahnAayA0a+xMCSQJ01F+1uCGBnYgnbFKjlKi66YYhxScqSL+Y1yY2O2/t2wX4Vl3oUFWsdTa2UkdlimsHrOmZtv7ksp/Iso/6RTy+drZV/KrLZuhujjup69LjmFpG+LOdyaVVD0+dJl0N2UEX/iX94f74as1w+nWQJUUOh3B7wR7qQeov2wrcS4HXyrebQZqlMGbXqJ7gDnH7wE9wdwzSaEWmAM/wapl5rUpan16lR+93X9769y1eD/EgqRTdoYwAWPWAACfkIPX3xvwji1OsPsq5HT4Wnt0BPbY9MCeO+FmU+bllMgS1Ib7mdA+XwfToMBJ0M2n2dAqiOU26T+fbEPmkn83wr+EvF+tRSqkW2Y/zncevTr0wztVB6dPww8HZOeiQKd5+/GrsOpxBfpjAZ3YYq1XbJqVgHxbRUhSoLPcQNojrETsPpgFVo1aZBZQNS22MjeALxft9MMnG8xVpgvut19IIO4H8+v3KWaqliGYkxsDZQO0mPrbGD1LSd+S8eiGi6s51LBHw7Qbjp1G4+mDJzeXFkVCo6lAxvfc364G06iKQRDaonUqnbqDFvvG3YjGmYKA8tPUpuJVSR3E9byfniUMzXRzSYN8R8BqUEVXIOnU1tgzBQRPX4RinUySamsRdtvf2OHrxcocQb4W69HnMqZ1NtEG+++BjyylHZuyQXMWquSgnTLdrX+7G44YTsfkZt+ZwapZQXdp39bdOm+8YnpUlgCNUm1hq+RMCwnFfqMk8aFavl3TfbEQfDTxHhGofaIkkC1uguD2xQPALD4xPSAT9P8AfDrJHyI8b8AdXjaR+fTFinnX/an3v/viWtwZgYBB9ww++NP34rVcnUXdSPTr9B7Yf2sSmi0mf7r9D/I/1xapcRHR49/zGAlxjYVDgOCOsZEzhIuJHofv9cSpmh0JGFhKsdx7YsU8637U+/5nCPGw8hmXMexxsK4wvpnu4+h/rjc8SjufSMLwYbQfYA3+/r9cRVaoWwJJ/ZiT/t7nAenxEnoQP3d/uuPzfE9HMrFmA9/zc47i12cE6GbqIZWoyXBhSYlSCCR9qCAbiMMOX8WVqlLyq9NWWpp0uDpJhlNwJBmOmnCqmdUQVFxeTfbrGLj5J6dYUnWGlT6EHZgdiIO4w3JrQUk2h78Kccy5prR81Q4MANKz7FoDewxJn5pliyEqXqQyyfttItzAyDb0nHOsxUEX2N+kX6d7GRM/LFjhvievQhaVTl/YPMntpNwPaMPGYkoBri7UnqIxcQv2XCkesiB3j5YIZWvljTFOkoDPAKIm7EWjfa3WB6Yh4Z46o1AFr0dPql1/y7j5asMmQrZaqreT5bA7wBMQNwRIv3GKKXwI0COF8MzSUyHddQIAUwykWmGF1vPS+Jszm2MUqgNM9AxsY/Za4Pt7bYm4pxOjlxNWslOxOl2kn+EXfttIHbCtxb+0yjBSlRNXoS9k94jUw23C/LCOKoZSYyU6zUzJaZImRtAaT2jlTBFc7TgkiCsyFltt9MXbrAG8Y5jwjx/UVz5tNTTJ2WeX0GpiY+f1w4ZDiNLMKHpNM7qbG8d/bCW4D6l2J/irxPlmrastQemwY+aW5Vfv+rvpaftSPVT0EcU8Q163L5z+XEaZgbXBj4r95w9+JPDtPNDm5K4sKkXNvhePj99x92A2U/s/CrrrVSQNUrTiRpVibmZ+HYhTfp0dSsVxoWOH1HDACZ6fnrjpHgzjPN+j5gaSCRzSCp7GbgT9PbZT8NoqE1Woq4SNRKyqjob/AA3+0dvuLhmchSzoD020VQQA3UejgbjsenTqMBtro50+wt4jreU6iQFIJgEg7ek2mPW+F5OIk3L6F6AhjzTsAokW6m89ptbymbKaspnRoYAhKhEiDI/xAiQD0kj2FVcjRCEM5SvrMArIYRCwFvPva/TbEMi3fyLVFrieaNRSUcgUyBrI07g7Sxab9v5SEpMDrk+YbSzACB3NyBewHTBTM5YrRVFJ0mbssMWBkzM/Zg26fLAHMOwBQFtBN45e8e/W+22INJs4gZibEdehtb57z+OPfKjp/wAX++NKVIi4+HoZt19Pb64KcOFPTdRM/sz0HWcc/wAgknFs1qYDuw/HFeoqklgoEkmTN53m/rPvGHHjfhyglIuusFdMDVI+IC8ievfC/wCI+GeRV8lSai6QQ0AOCSbQigRYXt7dcdxpUjbzTdlKlWUAKVkA2IB6e8dcTqynYEegmDPzj8/SktMrB1OvuSf9QMfXE6VSCOYEeo+fT+nXBOsnfL3Hxj0gnp+7P4Yr/oJJhXEjvA9uUsD8yMSVWO8wDtb09L9Mahtr/UGPlfHWdoj/AENhHyuRY/P64yplibmLHo4Jjf4XB6dj3xI2Y077H9lSY97T9PXG+UVWUEMzjoWAmx9gbRg2+wUjTMcFpPSLNZ1gqmmzTYywPKR7Eb++A3/YKGZABEwJP9B7XGDtSTaJsATYH5gsPwO98QvCzIYW+XzH0wVkkguEWLlbgqgkBrjcGCPzvivX4M2o6DqXoSNJI6WuNuxOGmmCQNdwZFpgjr7Ttb648qLI0BbdIn5C9+nriiyyJ/SQmVMnUXdSPz6YwI9vXvhlztMgRv6Rc/fiKtl1nlXvebSBbfbthllsV4kBKmXqKNTIYEXFxfa4tjz9I9Zjown8cN9PJCCAQSRaI1GfoY27/wBDCeBVq0lNfMUqTwAVOlzMkSf1ggkDboZ7YDzxSuQssdeTn+UrLrGqFUkS1yFE3MXsBNhfHQuN0HqZejmCP1tINTqXJ1aVYKwJ3BYKwOxDg7YEU/7NKilm82nXpAGGouA+qwNmGkkGTp1XiJBIwz+Gkq0sucvWBL0ToBIlXTdPisV+zHTSJg7Z/UZsepRd09/YSLp2DfDPBlFLVmaQ1JraH3VLfZBvBUkTe56b1+M8RqV9K5dCKTgkMgu41MvNAApiQbE3EewM0coEJLv5jssMzbGOyfCoIMHaYHzIZUU4ChbAAAIAIA2AvAsAPbGN+sgpt9/HhBEo+HMwAP1dNRzamqVkUIFkktBJiATyzbeMLfFc+VcLSqtqWQ7Kugap+wZLkepieww0ePKGYRUBqO1F7RpAkrHxlTzTO1hb4QNIwq0nRbaB+ffHq4ZOUeT39hQemVqOSYJJ3J/mT/PBrg3hhajfr660R05S8/MEBfcmMWc/xRmddTE/q6RvJPPSRz/xMcaCrO5I+78N8O5sPEb+H/2e5MLOt6vZtYCm0/8Au4t/ixOPD1LLJU8/RRSog0OCkoxLGQZLBgIA3MDffCllM49I6qdRlP7tp9+h+YwWPiJayrTzdFK6KwYRKsCARJizWJtYYHK2Cmi9w7iNQ0kqKRmqWp1ZgNDqVgg855gykHuNrk4KpWksl9QBDU2lWAiIg9IkSO9sVRRyuZFNaZSjonSvlgG6xAAIHxKpsT1wQ40qFWRgWI5lcnSVZoMBhtMdI68rYPFN6DyrsH8D4StCozISVqCNJjlEgj3+18iOxJkq8HNJxWy3Kwg+Xsp/h6L/AAnl/h6g+CcfqnzKeYWTTCgkfHfUTPRvh+c4YuH8ZV40nzFa3L8St6g3HaDee04G72dXwEc3Wy+dpNSzCmjWQEwQQ6mJlZuw/d6/Q4RKtJqdZaNU/aBRxIDoJi8gj4r9R8sdG8Q5Clmcv5gYakEiot2EC69zfoY+WEX9JpN/7PmdP2StRDJ953DAbiJMDcXInbaQBtpeHi9BSh0O0MWa8kMWBK6Y9R3G4OE/jHCVR2ps+tFHxCRc7D1m/XpMDrFl+NOtQ0FrvVQf3bDUurblIMFTAjoDHTDFnI0Oyowd40nWyBB6s5vaREnvebLKFrroAt5k1a7BFoEDTKpTHKVgnVuZFjJBO319pcKqARNL72+/Tb2wQ4NnvLLktSqOVIg1EZhbTIKEnse+4EScDzUH2lpjtKzI73UkXm3/AFMXFLs5poyv/aUK9M0qlIUpK3BLgwZiIBW4HfrjfjnFDmKvnJqSQBpIDC25kCep6YS3bLkwtGqjTA/XAgH1BpdD64d8rkqT2SqG9AQY/wAsYfMlHaNGPZRGbL8jEzP2UcbX3KR0xlOkQLht/wBkn8IO+CLZRkIIuTawO0GLT2GKGbp7grBmdyv3iTiXJFaZo1ZSDzAwbrDTPsROPcqFb4Kh1amDJynSOWDBGoTJ69MR06YMaqdM33JJP1KTvGIOA5d001HECorMCFaTLBiTIAO4juPTFEk4tiO00gpTy5gkRIIJlQYjeIjf8O53x3lo0mZ2UFZt2j3xlZBMsEY6AQTTnaY5hcCZHy9MbNlqpZy9OKQCAk/DeTJBNhMC5F8TtdMe0iMCDBWD6E/P0OLmbyxCU25udGJJMQRUZf2L8oU3PXA9ioYKZYAGIKwJIm4Btbri3lOGV6VNGqagNLA6g+nUSG5Q4UKIk2NyScclps56aRCAwEwWn0jSQdzeI9sQvQnqRtADMLTfqOnvi6lA6iWAM2kMR914+uKhYaNY9YMk2m0aj2INvfHfmhinUJYFVIJEyAdRgH3Bt6jrjxcrrbm/ZBgWuIIPr+b4jOZkuAIURB7wBIgHcE7+uJMhVBIYGBc+ggfKL/zvhqaFtMN/oZ0Ekn4VJEDVpA1bkdJ+/pi34b4EK/O8iiNxBBdv2TB7XJ7ERviVEby0ZmMQkwBtpFhMzPp7EYIZXNuwCjSEUbKJkzJdiNyT8r7DTiHqJSjjbXYs7rQRzWYVQFWABAUAQLbAACAAMDHr61JBFmgj1FxHUDcW2xpm6+lixBbSlhtckDrtzESfe2KXD4AGprl5J9W5o9B0x48YLjy8sglZO4iSRKg+s7b3MdPSR3xPkxzGGIMTvuDsfXb7iMRVweYCdiB6SLR8/wATiOhqtpswSR+J7zE6o9Dh2k0dRJx416tCpRTQzGJpugK1At4XYq/2gRGw2MnHK6FGoTEm0zIn7jcY6/m1FZFEBaqsNJBjnXmRgfs7N8iRJvhO8QNRObZ/MRDAJFJWLMzJrDENoUNDCYYgkA9Scet6HI1Bx+AJJsX+MVGTySVI15emT0nTNM+/wDFFc4p+0R74ZuMcdotSWjWSs7B5RwUnTcaTqB1bgmw6YqVeE5YrOiuJ/fTb/JjdyVbQeD8Ac5hjswb540XPMNzHvi/nOF06aCtTVmAMEVSpA/yx9+G3wj4fqBBXqMtPULItKmBpPSpq0sYP2YiwM4XJkhCPJgp+SnwWg1Sgrim7kq7Sm5CmLA7mYAEX9pIuVBmEhSwprG1SvTUiRdedyIvcARMdsFM1nkp8ymw5ZFxBIOxPf/bFOrksvmT8Laz9pJ1mT2uD0AmYxjx+v924+0dcZfiYL4KR+l115DNOmw8qyjTpUaYsI1dLdoxDmOK06dRsxqqVKwOosaSUwTYHUUcs23UWk+s2eC8NfLZ+Hb46dTSCrq2kMDcOo20RIkHFel4NzdSrUemNIDkoxqIBBYspsSQdIBiJv0xvU1bGiobv9AvkM/QzK6AVJ/8A8nBuR+yZB9ip69MUOO5WqnNQpUSgg8tEM6wZgmqGJ2mV+YGLK/2fZqooSo9AcxYuDUaqT+8dIDd5N/XBOrwutlKQd6/6REQppkMBEzq1MxFhYq3SBjrpaFUop/IhZzj9Zyv6+pA6BiF+QWAPpitUzQJk8x79fvw4cS4Nls2zNSdRWamGULsQYAYqRLXDTF7yemKb8EprW8s0WpjmhiWKm9oILbjqdpuMBzouvURj0v2AGTzcOrAHlYH6GYnph+zfBKjuXFaoNRmFhQJ2Eau0YsZbw7SprqOXo6dm1lXeLifgO9jA7jYY2qZm9qagdBzC3tNvbEcjlKqM+XKpuxA8T5rKPmKQylLQoNPUZY6mOkkwdjJIgYN/ptWb1G9vLP4Ms4ReHz5tON9ax7yMOgqVTbzB/kJ/5zG+HyxqkPjldssVsxAvG0W9tyDA6fKcDuNM6gwy/Dq2hoYe5BgmDEdPl4zs3L12gXJn2W2+18RZga2USJLCmdRgDWxUEkjlA1CT0xKKpjSycWjVjWZwlIm1NTAjse6noPuxuWqQ2h2YqslTTUkgEayIGwEmD0APs0DwLmgwqUlZjCiYULC3BWHOq89BihneCVstVDvAkkAa9NQagRIE7jVIgzYYbafWgZfUS5vi9FLh1SotNTXRV1aXp8oBEzzRuJ0gH0g3IAw15Xjy0agqqNeqQqjdjG3vMT2wvcYqFmVmPmWUqxiYImH0xDgsPQzMBtUk+BcMq1KIqTSoIOY6nTVAAABCg6QCCTqjptpGM88TnkUl2vgjkyOdNmj8DZvNzOYFNAXZhpLNqljEiRTXUYhQzNf4cVOJ+JmNEK9OKZYadLMjHSIA5Egi5EScSUFatmP/AG6qzU1PIEYNrkxpTTyU5tLfK+4LcZ4PlEei3nuyO6M7rzMoliF5QYuVGxIjFm4uWv8Ac048s5dpfsKlDiVBKKv5bBXLL9hiIAJuwBjm74zO8XytRkWnTejpVRCU6ZE2Goy8gm2B2ey8UUVFdlFaqFsZ0woBNrGOsYH0ssysvI8kjUSp79/vxWMFRXLKppUqpePkM5o00pPQNTlasx1GidetFCsoZH+DmUxFzGIuA1ASINlBuTGwjrETIvf54t5/h7hUqlqLJ+mVyKZMuJKyXUiAh8neT8QwI4GxEASDDCfpM+lsGS9oiSbaSqvuPVPMny6Q0koKYJIUQeS3NtGqRv3jBDJudLcpGoC1zCjVsSTOom0euB6VKnk0jr5AoJYC77nckTGqbkdcTLUKKtJWi9z1Vfi5vsgfaP3zOM2WHODiI9qjfO1BqZSRqJaF6wsXPpJ2nr6Y3pUlLeXqu2pxtshVTA3+0Z7aTOBPCs2MxWrZjmFKnTqiIJYhSoW1zqJn1kgYH8RzmYo5im8mp5JrwaYYoy1FFSAQu2uoygxbSB9mcZo+htVe6/kio2rSGqvSNSmWG9tX+EgT85B+vbE+YoBWVRZghcd+WB07/wAjhbo8QreQaksCXEqFhyoqWDLE6SEUEAfaMwNxPG6j1s2tSKygU/LDlbgCmytGncFixBsTquMLH+z3fulrf7jrG/gbaXFUFfyWkBmADGAObQYBPXmqL1HwjaY5ylZjmAHOoqxXmuYBMAxv2wc4hlGq6DI1VTpJPICyTTDENHlh0po8HufSQVOnorhSRK1ApIIInVEg7ETjfhxLGml2dwovVyVrUWA1N+sAUQTdd97gST8sW8t5jqfMgxN5m+5PoZxO1EB8u251uDYTdGm/W4wU4hkBTC6WDFhq5dQKHY6pFz3M4E5pJf15KQjtlHLJTGXLVJ0K51gIrkqAGgB7SdgTtv0wcq1i6rP6pFCgUh9gFQFQwBJHUdNJHTC7xHMJRyr6mVvNdwoVpayC5BNl2gib2tF6PhvjZQU6enWE1MZMX1jlBAP2ZuZu3peebE8kLRCcd0HzTClQAdWqbdisx/FJxYyVQhg06oEgzeBvediAbE9MVOG5zWxWrFtLaoknzKqUx8h533emGheAoIAFltZABF526XP1xm+hJLbAoilxLOs/Ecu5DgFalMBhAsG+G53JE/LDDnauZSsi0/MNFhRJIMbqAwlINoYb4oeNU0VMgwmFrlbiLVNP12OGqmy6KRZwp0gQWAmGYbE3x6CapNfB3kE8SqkKyRAK2dnJgg7XEifnvgI2W3UEavcxO0WPfr9xwf8AEeTDPpapohQdMMSQWjVaw7RvvgLRpEEjVK9wGldtpW+2xtf3xmnhzydqDojKcL21+5T4hwn9f+rsr0KiCDs6gssGPTFynUqtlaFTVDaEJZidU6QGvbfqSZ9cRVg9KqDsXICjUI1lehHXe3vY7m5kT5qBWiQ0bwGNzBJYE3t13x0sk4ri40OkqNeHkuUUKg5QEZvMcDUTYA2Fw1ogAx3wJznCV1trV9U3F7H/ADfP54ZuHcLBXSdBKlhKc0kwOawuNotFvXF2r4ZWodfmNJ3sLnqT643ekeLfOzNn+qn/AIdHEOFNFVDEwwO8bX36Yd8tn0WC9OTO5IaPlrAPucJXB/75Jvc/gcNuUzQB00gFcixjmmQAFYEshJYbR64XMrdG7HFyVIKtnaekNpYSLAoBPtEk79GwKqVqdTU7cimx66otAIbf16euLXE/DmYpanruqLMM2ss0wWvpMnbcHAY8MR6YY1CsgG8t7C7RjN9OMdybBLGl2wnRpqysy5inS02KViyGdwdQRlIIK7gGZ98es9NEVz5b1GJ/utPloZsx0gCox5bEASZMmZ04tm6Jo0gtMh1NTzHgAMCQVM7kgAD29sVKGRcr5gVgpA5iNNjexNyOvKb4sknFUSlxjJ09F7zahC88gQGJaTyg7/aJ0kMDfVaxIwU4hUy9RSpVqbo2gVUmogN4BBnTYHkU9DB7Lr5SqagULEwAQZmYO9pOxixA32wXyWXqpRajoOmlVLAgoVY2pkgBdeqGi7EQDYROEboLfgq5zVRps/m66mtQGC6RGsfDbUAV3k98L1fxFmTbzXE3sxnfvOHnI1MvKrmaXmSAwpl0UTNi/MCo2gEc1vmrcU4fRbW4qJS1MYkEIqkzoVQCRECD+G2DjnDytt/BRZG6jF/8GUOIV3o0orVNbVKonWZMBSBM36/U4r1M7m6dRVqVcwskWcuvY7E9iv1wS4Lm1yq0qiZlQVeoVcU2YGQoYAEfszc9x2xrx3jaZqojVMzOiAiJQ0gSFBuWm5QG8xOLJKno2XJSjb1ryvgh4mc01SotN6zEVHASm7sVWU08o6frABHqMDOH1mUySQRMyfYQZ+eGv/vW4UZKj5gYVnIKU1LFi5cjmZgVDXsoNveavD/BmYNSKmqmSCV5dRYm5BGpTT2F2hZIuLY7/L0JKSi5W/6sZeEmcvl1UAFgoFiwBKzAKSxvAHrGIOJ8OdlcgkgmGgEN7CRvuY3gHBLL8NFNaPmlSircOoWoWHQtrZfisYJibnFnJ59Drpz5kiKnIdSgEEM1tLaSACbW7jbNLLHaT2ZZ5kujnj8NJVqVM1FQ1AWMGQtRKbgMBH2mWx6gdRj2rwo1acUPMJpltRZiGLFqabSftEWn1gEwHbM1gFCZVVoHSihgmqAihdQ7tpMAkzPtZU8TZc0kX9HBJ1cwFJGCiFAvpuxjUYHfaIFMfqITfFd2djyRaaYKzfC64ZURKr6NanSrMJWrU+LTI2jc4vVeD1BU13g0tZVmC6ZFNWGnXM6ma0dfS1GtUzOnSC4ZBV1wkR5RBOqF5YVvSJE742rU66nL1Wd/KradPNykqFD2B7nqN5xbZoSXj8iJMqyUn5y4mnzFWEGHkc2/S4wJRz5gN/iH8vuwXrZarSatSqOXIK82rUpgE2MkH4ht1wFYMGJE/fjl2xH4HHPnSaRBstZR0i6uO/3Yu0U1EEAldgyhjbtADEH0+/bATidUmf3aiMepgOAIJE/a74JcCqPSALkljImFDCegJBIMWnrJEd4uCpWJPK4WwlV4HQkB3GtjYqwLbSeSOYaVJswOwgnAjK8GpCu3kTX+JRoGkTvsTMnpdoi464v+Ur6a9Ry4E09KwjKoXUQvOQLTa03MCcUuHpQJKo7hvNBWJ01FN9SxJDrIJB9YPcx/gzLJJ7I8zmVoh6hWzIQvNAnVTdYgQ392bdY7icFhTzL1A7FlU1DAaotMkAFUYeYwJjTAI7z3xIVQ1SHk+YtVWaQAzNRddXLbVJWbm56dY8jxdilECvmOemhi46AGIMNfrbpO4xSKVWyrl5KXirNlMtTQoIp5lagcAbaWgSBzCYMz1G82ceOcVNJEp03319b9IjVy7k9+mEXxhWd6NTl1S1Ny8XAJKiexJ6n5WOGXxFWX9Hyz6PMWpT1EWJEqjctt+YifXrJgN6sVStWTUeNvWYOyAEfq53ImdREb7nuF6+lWrmoUyuoW+IWBWZjUs31Dp2GKXh/JumaSmeWlPOzNBBgqIJOlwTIGiRbrY4JeLuCCjBpsdLNyhQpCsTG32j+sfa94sTd5OTSYOFArxNUbTQq6j+rqUXmSbaio6RENvOLPhriYVqiVCTprVOxOk6WEdoLEW6AdMScS5shXRGqCmFc6NU3Q6pIWwFjb2PUYKeFcnlquYzAWmtRWpZWqJJszKQ8GNwyrcYVw5RGXRdSoWbzNawStoClZWNiNRJMXJkRFulqpUkkh2/P+HBKtwum3xUtViLuTY2Iv0PUdeuPTw4fsv/8AWf8ArjseGSbtgbPnXgazWS8b3/wnDXw3UMxCSzaNybi4JIMCDA6euFbggHmidoP4euDFaoFknUNQAbmKggEH9md72wciuRp9PNQabDvGC5gVa9SS5kVHZoU2DAGoQLHqIEHtelmOHtTAC1CyX5bal6kjuO49zfEPh/g/6UWIrpRUEKGfVfVOoLqZdZA3A6NhiHh6gAFOcUNEBvJK7bmddvmTjNkbTVPrtA9Rl5tV0LRR/sSWm4SYYHZgF3B6jp7YasvSrZqmifpqUq0Q1I5cK5iwAaQ7fxIuKtPhVKiy6c5SrEMAmgGQWkAnSTZWgkTeML/GeHrTYh6prsRytBj3JJaRERe+8RfD45Jt10Z5RC54FWpOFdNThuVtY3N9yQVM7zB/ls1aqlVaLakKEFpBksZKgD7clyeovhfyPE62pB5rhQdmYkCOgBkR1Pt7YKZTiopKGAUtqkgqAIieh3JMyZ6iJGOUUpb6Fak0XaFWkwYKFaVqBmEal1Ac/XzGM1IjYkG+4hytGu1IVMvRpMjM/l1atFGqWVuU+aSgOtNPLY3OGWv4h8ujTZqSA1EJj7SNtIiJ3se4I6YD8M4gwQJReolJS0IHYAM06iIOx1NYk7nawDOcIO29/Ypix8nQE4VkK/ETTQaGqHzibBBAVVkCmsWLA7Ypcd8MVMp5TVNMu2wYkjkptcFBHxG99x7ljTI0lECmoAm0DrE794H0xI7AARYdhYfQYX+8Kuja8W0/iv4K+W8J0KqGrVrguzufLBRSoNT7WokvaGiFsZnBEZ6llVanTZy+jS1yNLdWUAhFCmQBYmJJOKQzgUX9SQDdj2noPbp6wRUZGzX93Ssp5F2pqBdnqERYbwSABBJMHVN5JZNLSMueDTZnEeMVqzBA8zTkuV0kAi5dgYPwA6piLbQMGOMcbatopoDMIWUMBrZECu0EiVUrMkHpESWwtPnFQPToHzC0rUrDTDIV0siUyOWncc5uYsFnElLOJ+iikRobzWFXTANSmwJQH9oIytyyJ5euHeNbTf8A6ZWhjbjnmVjFEpSGrzCY1tqDaGm3MbuYJUWk3nFjguerufLamKpFVabqCphanwMPLYWDIwYEn7MxvhbocfrtVWo5B0gKVstNlUWkSJJa8iCJtGDHh/OF6hqSYVgVlhrIDBwrOdIqXm7AsTEdTicccOXWwVSC+ayCVGBEBqiyPMEeYlSA3Mpg6oClW30he2APEeEnKIJJZZK62QINQ+zBYlTZrE7C2xghxGk3lUQxUFNY5nUWdtYAbVpBDmQDe4Hod/8AvLoo6anMxUaCZIBDReLgaVYD/YDFow5XB6vZrxylGKl2IHGK5Yg3IHXcDElbhmmktYOrqSAYB5WM2J2+yfzMN7ZFc6joppLVqQOUnSFH2jYGxvsbkemDIyQyeTFN9JFMAFlQXlgNjuTIkkib472wXDyaOUns5/ksq9uRwO+lojvtg2nFPLQKijUQgDGDAZ5Y3B2FOD/F6DEJRH/u6dQb9ZUT6QbexxUz1KqKAeGVFYKzggqhLAHqRMNG04WMJKV0Z5y+omn4PKrfCNVm1ESJgkuASCQTOhvfDLleDZeimjzHFSAPMAHl6oG6RJE9C04T+K5RgygVWqKImWAbU2rbc7eh3nHQuB0RUjVp5Ymwj6A7xEDbrcb2hj5SSiLHhGL5CdSzR/SVNZmgPpZfIDI/2Il5DAMDDEFrxq2wMyXEFqVmFRSKJEMKIpU2E2DQo0k9TAv3Ix1LinhejWfzqRVKwggsivTYgi5QiFa3xLF7kHA6nlsxtmHoUtOxqUERTDMtm1LqBCzbow9zpkpQTVdk04y6Yq+M84lcBqYJUKFLHvM7xJ36ncDe0HctVnh9AEgTRRN4kACQD3/V9umAa8SNY5hKeTyuhFqq1dEZV0LKhg4OgTMgEx903uF5lG4UrunmKkgrqK380gSReOYbQexG+IcXx33YX2AuI5Wq9ZRl0qO6ga0EtA+GQYA0yLk7b2GzL/3oRKAoZgmvVJVfLR1amARAFRtJDFb/AAlh091XMcUeorUxppUisinTGlejAmLudIIliTgZOm46KCPcEDFVdUwtq7QS4xxyrXpeWSEpdKaSFEkm8klrmbn2Aw1f2Y5n9dT/APMypXpvSakevozYR8zA1gdCwHyOGTwCCPIqjV+pqVEIGxSoDqJntFKI3k9sd0A6x5wHT8/IY1Oa9Pz9cUkrlhY/Uf0OPSfbDWA+fuErLnl1cu0x1HXD14O8GJnKfmU8xTQgw1PyizDsSdSgg979vTCd4cC621Lq5RAtvIvfBzwFxirSzDaA8Sx5VZ43JBCgyD0HftJOE1ex7daDeU4GDUNKnNYHlLOmkrzHUYQsQqiNoMEzihmvCbLUKtUUBdJMcoCsCQZY22IiMMvHPG+iHoUDRrEy7VFAvFyoLazIgEsB06xCNm+JvUeozHUahBb3WwgA2sSPbE8ko8kl0SS+RwzvhivRUAulFKY5mrkaG2GjeYMwdKmZiRJlU4hJZ6oqGrJJZtBUEk7BT7mwiMXsjWOdrs2azApIsMoaq+nUTEL57vHc7m/baTiaZOiV0VAx1LcO5WJvtyt12+o3xKVLURuXyAUpqSDPLEQN+pP17nv6YJ5fIgBajiF3gg+41EDr8XSd4AMYsUcigrvRYy6sy26kdrgljG3W0Yqluf8AUMWdWBYE31BuQAGzi0wC3tiXJy6QydMOZWgtR0NVmZDAVwmoADoBs49tuszgpxBKLMKdKowSkKiyxM1Kg0zTULyKqalLQBzMAfhOAvDeNLlwpUMalKNXQT7TqjVMi202mxPw/Wq12LnQyEsbQG5mLNZHDAkknmB/DHNqEWmu/IYylKXtKWboaVLSPYSfvtiqqs2wJPSAT+GHf/s5TZgDO0sT9xNj6xjaplKS7vTS2zsqz+B+7EI09I3Rcor3Ozn+Z4fXMlabE9Bbp6E4q5OgSdFViAdQJeQqhTLap2mpANiewJjDvmfEGVpA63n6EfJiVU3Hc4GnjNEpqSn+rUOQdR1MX5okbA6htePYHFo3HwZ/USTXYtUuCtoDQQJZUaCjPa5CknSstGwib+k9XgTolWwLhtJaf7tokyDuWFRCp9xuJF3j9NKhREXSGoa6LAnUDZqibxzanI9yMDqfGCKuWRiC1WvSrZhjvAdTTQ9gqAubfaHri0Y8n2Y9+C1w3haKBUrLCCVerBNMVEvDX5TywBcGwi+J874vbKyq0UBqcxf40qkxDqotpgxZ4ttIxZzOfejnc8gUVMvVqVfOotsyg3ZezCQQRuPYEDsx4f10VVE82nJNMiSVL8psI0yRBgAal2mMPBqLqwxWwLnfHWaqWDhB2RFUfWC3/Fi5Wqmpl6KtSpONJYsxCvc7Bp1RaYHUnElH+zesQSSJG3MBP0BPyIGDWR8NvTo0xWoyySBs1u4i+DLNGLTWzTDG5Ra6Jf7OctS1V2poqGnTUE3NmJa5YzB8sdcOHEeFpm6NSj51JVqBluZYGJBCmJh4O943wreF+IUaNQ0GbQzKAFnST5bMBexmCCB1+WNPGmmmU8nRSaoTedLuZkwFIk3AuNzbvjE5J5/cn4aLKLUKTNv/AOLKWWZXObpOYMpUBTUPTRqJ+/BQcD8wNRpqfI1A+WraRIiDLQNx2/lgH4J4o36SKWY510khGBEsO8idtRHtF8dFyniKiXagEdSioYBBWHLARJA+w3Ttjeo8tmeT46E2j4Z8uqorZatphlV9LVUUlgBJSfsEyWGkAfUqaFOiNCQEUAQNzA3PU+pM/hgbxzxizs60abKilSDypqUqGUu67ggg6R0MG8wI4j4jLGFWAxiTJF/xHrEdMacEoQbb7IZIycUl0NNDiYA1EwvckAff6RYf9R/GPFYfUlIsSiatJJRGJLR8EVH+EiCyjuDOFvKVHqotRmvzCxgCGK8sdOXbFXieY0Es0kNTAEdNLNHoBL/f64rmblG30JjXFgjxPnatVtNRwyQzIqwEF4kKkKCZmYnvg94NfXwnMofstUI+So/4g4Usyvwnvr+nL/vhn/sxbXls5R9AR/iR1P8ApGMb6LAKh8Q9VI/4CPxxAx29j+JOJcu16fqR97R+GLfAuDtmCCZCA3Peeg+++HujkifgvBzXbW1qdiT+0SASB/M/kPHDciiTpAEmTHUxF/kBjMlkQqgKAABAAxaWkcKcy5SMbYnFbFJZxLqwbAcP4ZEMZI+H267x7djiTK5w6VQ16oWf7tZ07+rAfdjThzkK0GCSIgCTY7Egx93TFTLDmGBVjPoKLmAtqax6sZPysAPpjfh9Y61I5pMRvM2j78OXhnj3CsvSXVlXet1d6VOoSf3S9QBPYAYn49xNKz+dTpVACojXopxFtgpaD6D54zzkvOvuCSpAvj/CkpVKSBpB0o7GPjJ0lvacU87kadOqcuh/WhghZgTJJAOjsL7npPW+L2d4ksB3hqxMg3hWn7Mkaum69z2xFw3htOseUHWxYu5kBI1MEGk2JCneTYwLzjPibjG5fuGrK9Zyr+c6qzFwrK0ibSTIBiLT12jritTQvUd9QFR2ZgoJG7arm3VRcxMYI5vKytPSwmoyibETYnVMxAMzcRcbDGp0ioxEQDAjt0+s9fT2FvwxFktGZYcxBdhXN9St1J1EFDIqLBEgrFz2wc4jx7yaKnTS1rp0ELTDTIBIGggG5NlEemF5KFZautWtZjuVn52n2NvTGufp5doK0tJ6gMdB9QJlb9AQMcsTySTT0vFBjLj5I874pzVSxqBQeiy3+rl+i4ph3Y81WoR2DaR9FgYlrUtQ006YLRYKupvSDdvvxt/2RmEGo0Hv30iPcEyvzGKyXHReMuWwZxfSLDa3X3/2xtX49UNJaaMV+PXFp1HYemmBjapw+pU1i2pWE6YYCRt9f54oVOH1F+ySPTf6YZRtKxJNNjL4XD5iELEGisgm9ix26zED7uuKvE0oo7kq7VFKkPTdSsWswZTcCwI39Rc2f7Ps4lN6zMwUaAOYgXn1IGJM7n2FV6i06XOSWqgFwDA0EqzmnZtJllJvIOxxJLjNnSjFJUX+FUVQmmqNqEVEVmB1qfNkSQA/wgdBY7zYplvGlKlpdqTGiwADU45WXdXQxpcSJ5iDYjYwKfhtVKgzFSounzDSAmagcUdZvp+GAUjoREHfEPHqVLLFAAnONTAl2KuoFgH5RZxECQDBJiSscSlNqXwn/wBiKbi7Q55LxLlK45K6ByfhaVb0jWFJMdicXQvZj6Sf63PyOOUZjxDmqpWlq86YAptTWrfqFDKxXr8MYP8AhXhGa86pReo+WdaIqqsApBbTdWYgD3gjtgZPSb9rNEM+vcOT5XWCrqrqdwyr94YQfxxQbg2SozVNKlTPRmQEA9NE8urryg4E5zjWYQ+UatFj0ekC7H0UEaSfUAjbbAXiGZcONYcszKNTmX5p7zHw7X3GBjw5F26Gnlg/FhmrWyxDuGcVVZDRqaT0m0EywneYJkWsZ9fjL1atV6Y0EIoc9lQuRY7GXf5dMVKA0tKjpBJMkn+XXaOlsXM1m0pUao3qFDq7DlMA/X/pjS/YjM5cnsDcKzU1HepB0NAJsAATptE9Z9MbZriFFnJL/UGD89j7DAjJKSHH/mn/AEjF50AHt+fz/TDKPJncuKK650KsrVZDqq21EowNRt1kfUQcVc/xFqm5XlQ3UHrUQ3k327fXGVqoAhRPM8dt5+Q5sVKcliJuUa/sQ3/Lh7dVYj34IajklQek/h92Gj+yWqBWr0z9qlP+VwP+fCw9BgV23P4YOf2dMUzD1PsmnUUn1swHa+n7xhX0cj3g3BHrVCgstNirN6qdh6zjoOQ4etNQigADpjbKZXTOlQJZm/zEn63xfpg9RjtsfSIzTttj1Uj7p/l91/mMSW/P++MA9T+ffBFPQvYD8/n78baj+z/xDElIev1xLqPYfX/bBBVnBMhWZaZ076xAje3ftI2nritRqSUFuUG8XvJ+dzjSi8QPX8bYkyqw59AcKMxp4Xkcr5Ss9QPUIkqSVCntAMmO53xLmjPJS3tuQAo7sTaPbAGmB7/h/U4nSm1SVCltpAEx222xmnh5Sts7wWK1EaTULBnBBnUIsRsBYe2J6PiKotNUWio0kkOSZnVqnYfkDsI14ZweuQ4pZYu0rJ0sSsAmDHwzKm8Gwj1P8G4WlfL06hVSWS42Vjeb3KkGRN9tjgTXBb2rDCMpNpAXIZ92MKBckqu4GrlNogWaY/DFypkKgFMkLFVoVgCI0+vX2wLFAIKapUAqhtRIBKgqDy8gJOo2tsB64lOegshd2KT5dJ6hUourUx5QVUxJMGbntcU29dC6raGSh4QqPoLFaSQ01FGuY7gvymzX2uMEst4Vyim5NYj9ppF9iFSARY7ziHgXEqBUOugiCSPLJ5rmzaiqbwLAwAJxYbPFC9RILMANdQhaSQzsSzta7OYUc0D21BufFxuv4LRWOLXn+QlSoIiaaahF/dAUfNVscQVqMwDt36fm/wB+PeGMDLNV81r3HwD0AXb+LfEq5cySpHt1H5+mMWRNPbNsHfQIreH6QYsqgTBYAwGg6gTHXV1G/WcXuH+GsvW2KmN1FiPkP5YuOim03G42+/p+GI0ohduU9OjA/LFcPqZw09onkwxn1plqh4Myikt+j02aLahqAN4PNaffbpGOe1snNCvzAVNCqymRdW5hzbHUBIEbHoBPRU4wwRi5AAt5lrT1IMKxiSNhthG4lxKm4bMUVf8AXVdKazqbRTCli9yL1lmZvqA743OSyJSiYpwcHTGDJZQVc1WpIQF116wazKS4oaBezKUqsPkd4wY8T5SnWydbzaSkilUC+YolagRtJQnY6jYrvPywjJ4m8qqKqKNenSoYLFMkBSFCxYQQJPU8tziHidfM1VepXqNIRyqg3kKTE7ILCQoG4HeKxrsn2MGR43l8rSp0MtRDVvLQNoSCzBRqJgamMgmWgeuB2Zp18xmAK+mmWpE8unzPLV7AmIVdTEg3P1Bxv4WqomWptpALhpaLsdRgH0tf0AHbGmdcvX88M06NC7CVmST2vYeyx3NA0XVpUMuIAGo7xdm+ZufcmN8LvieqXCNAAFSnbqRJEz89trnffBE9/e/9O/v7nA3xAP1Xs9M3/jG3r/KcGji/QO5KxpE7iPl137jAfP1/1dRjuxgdevr6A4v168I6kEyBAGkwRIE6vQm4M/WwDPVCwVSNIWbT1P4f9cQyRcpL4CjTIV9K1G7EH6wMa184zg/ZUbn17ep/Nsa5VBprAgx+rttsWP8ALELJr32GwFgPaMUvwca0ULJAJA8x/wAEj+ePVyzK6/vBwPfQY+8jEuSVh5ir0dTcTOoHe4/ZGJ8vl61aqiKl1IJPptf7+vQ9rccR8O4RWr1FRehBJkwP6YeeC+Gmo6AKpIW5WLE3vvIgk/znBHgnCEy9MKBJPxHqT+fz0BWlSjbAqw3RPSoCPX1x66xjcfm2I9fv8sUSEbIzI7/Sfwx7RIJj6+35t88bqR3+XXHhMm4/l+GA0FFlaXv+ffEnz/P1xXQsOv8APElSqwMW/Pzx1HWfOuJ8j8bfwtj3GYUdl5MHch8FL+I/gce4zCMHg6XwXf8AwJ/+TCVR/wD6pf8A0R+OMxmI5+l9y2Dz9gDlP7xv/Sqf/bbGVv7rNfxP/oGMxmBAh4Rr4Z/8UP4Kf4jBnxJ/4fJ//EV/9KYzGYef4hYh7gP2/wCBvxwdyOyezYzGYxer7Rt9J+D9SCnsfc494l8Cex/E4zGYz4+0aZCt4z2y/wDC344Wsl/dn+Fv9RxmMx6WAweo8A7O9P4W/DD1X+Kr/DU/1LjMZjQSRQ4F/wCGo/wVf9Qxaqdf8P8Ay4zGYoujmeN8XyH4YF8c/uj/ABp/rXGYzDMBs/wj2GAdb4/njMZhGcj2n8Vf3H4Pj3L7YzGYUJHkvire9P8A0vho8C/3lT3P+lMZjMczkOS/EPn+GLNPpjMZhogZJ0xodzjMZhxTSv8ACcZRxmMwBiwPs/LG1Xp7DGYzHHH/2Q==', 0, '2023-06-30 14:06:33', NULL),
(78, 15, NULL, 'https://image-tc.galaxy.tf/wijpeg-bkvpa38r26qy5fuqkei8yjins/bgrill1-orig_standard.jpg?crop=61%2C0%2C979%2C734', 0, '2023-06-30 14:10:26', NULL),
(79, 2, 4, 'https://media-cdn.tripadvisor.com/media/photo-s/07/2b/40/b3/db-bistro-moderne.jpg', 0, '2023-07-01 15:38:57', 1),
(80, 2, 4, 'https://live2makan.com/wp-content/uploads/2022/10/l2m-sg-2210-dbbistro-1.jpg', 0, '2023-07-01 15:38:57', 1),
(81, 1, 2, 'https://images.otstatic.com/prod/25952109/1/huge.jpg', 0, '2023-07-01 17:04:46', 3),
(82, 3, 6, 'https://media-cdn.tripadvisor.com/media/photo-s/11/4d/ef/38/photo1jpg.jpg', 0, '2023-07-02 13:28:44', 3),
(83, 3, 6, 'https://media-cdn.tripadvisor.com/media/photo-s/1c/d9/82/91/buffet.jpg', 0, '2023-07-02 13:28:44', 3),
(84, 4, 7, 'https://media-cdn.tripadvisor.com/media/photo-s/19/c8/e3/dc/the-staff-helped-us-to.jpg', 0, '2023-07-02 13:49:18', 3),
(85, 5, 8, 'https://burpple-2.imgix.net/foods/1682248599_review_image1967026_original.?w=420&dpr=1&fit=crop&q=80&auto=format', 0, '2023-07-02 13:57:39', 4),
(86, 4, 10, 'https://fastly.4sqi.net/img/general/600x600/116060746_9TujR8yzEtJGQ8m0HGPrKhEmbftoel_FR-zjqypaXc8.jpg', 0, '2023-07-02 14:11:08', 1),
(87, 13, 11, 'https://media-cdn.tripadvisor.com/media/photo-s/1b/d5/89/a5/brother-from-another.jpg', 0, '2023-07-02 14:18:51', 1),
(88, 13, 11, 'https://res.cloudinary.com/tf-lab/image/upload/f_auto,q_auto,g_auto:subject,w_488,h_488,c_fill/customer/88619e43-e3fe-4d29-ae68-ee87ca679abd/d849a079-293e-4dd9-a7b9-5b4e7060ecf5.jpg', 0, '2023-07-02 14:18:51', 1),
(89, 13, 12, 'https://media-cdn.tripadvisor.com/media/photo-s/1b/d5/89/a2/mushroom-pizza.jpg', 0, '2023-07-02 14:20:30', 4),
(90, 2, 13, 'https://www.marinabaysands.com/content/dam/marinabaysands/restaurants-listing/db-bistro/gallery/db-bistro-gallery-2.jpg', 0, '2023-07-02 14:28:25', 4),
(91, 2, 13, 'https://ak-d.tripcdn.com/images/1i61f2224oglysyghC2FA.jpg?proc=source/trip', 0, '2023-07-02 14:28:25', 4),
(92, 11, 14, 'https://media-cdn.tripadvisor.com/media/photo-s/10/41/c9/15/breakfast-at-tolido-s.jpg', 0, '2023-07-02 14:32:13', 4),
(93, 11, 14, 'https://media-cdn.tripadvisor.com/media/photo-m/1280/1c/82/d3/39/tolido-s-espresso-nook.jpg', 0, '2023-07-02 14:32:13', 4),
(94, 9, 17, 'https://i0.wp.com/colorfulsisters.com/wp-content/uploads/2023/02/20220728_114118-scaled.jpg?resize=1538%2C1180&ssl=1', 0, '2023-07-02 17:26:01', 4);